customer_id,plan,internet_service,tech_support,streaming,monthly_charges
10000,Basic,None,No,Netflix,647.69
10001,Standard,Fiber,No,None,832.31
10002,Standard,DSL,No,None,1007.24
10003,Basic,Fiber,No,None,950.24
10004,Basic,DSL,No,None,844.34
10005,Premium,None,No,None,1286.19
10006,Standard,None,No,Prime,717.95
10007,Standard,DSL,No,Netflix,821.7
10008,Standard,DSL,No,Netflix,1176.12
10009,Standard,DSL,Yes,None,1220.36
10010,Standard,DSL,Yes,Netflix+Prime,555.97
10011,Basic,DSL,Yes,None,240.72
10012,Basic,DSL,No,Prime,481.93
10013,Standard,Fiber,Yes,Netflix+Prime,1363.56
10014,Standard,DSL,No,Prime,1264.47
10015,Premium,Fiber,No,Netflix+Prime,1072.59
10016,Basic,Fiber,Yes,Netflix,942.19
10017,Premium,Fiber,No,None,1900.33
10018,Premium,None,Yes,None,1324.59
10019,Basic,DSL,No,None,1126.45
10020,Standard,DSL,No,None,1199.62
10021,Standard,Fiber,No,Netflix,776.94
10022,Premium,Fiber,Yes,None,1293.01
10023,Standard,Fiber,No,Prime,1060.43
10024,Standard,None,No,None,931.24
10025,Standard,None,No,None,1174.9
10026,Basic,Fiber,No,Netflix+Prime,972.61
10027,Basic,Fiber,Yes,None,150.0
10028,Standard,DSL,No,Prime,506.15
10029,Standard,DSL,No,Prime,243.79
10030,Standard,Fiber,Yes,None,1102.61
10031,Standard,Fiber,No,Netflix,1122.15
10032,Basic,Fiber,No,None,934.97
10033,Standard,DSL,No,Prime,612.32
10034,Basic,Fiber,Yes,Netflix,1052.24
10035,Premium,DSL,No,None,1414.88
10036,Premium,Fiber,No,Prime,973.46
10037,Standard,DSL,No,None,460.19
10038,Basic,DSL,Yes,Prime,699.96
10039,Basic,DSL,No,Prime,1237.53
10040,Standard,DSL,No,Prime,1409.92
10041,Standard,None,No,Prime,1069.02
10042,Standard,DSL,No,None,681.0
10043,Basic,DSL,No,Netflix+Prime,966.05
10044,Standard,Fiber,No,None,914.27
10045,Standard,Fiber,No,Netflix,819.75
10046,Basic,DSL,No,None,150.0
10047,Standard,DSL,No,Netflix+Prime,930.71
10048,Basic,None,No,Prime,511.04
10049,Standard,Fiber,Yes,Prime,1078.93
10050,Premium,DSL,No,None,510.19
10051,Standard,Fiber,Yes,Prime,1100.95
10052,Premium,DSL,No,Prime,470.66
10053,Standard,DSL,No,Netflix,1226.38
10054,Basic,Fiber,No,None,1006.57
10055,Standard,None,No,None,816.4
10056,Standard,DSL,No,None,1068.82
10057,Basic,Fiber,No,None,556.58
10058,Basic,DSL,No,None,721.71
10059,Standard,DSL,No,None,1138.43
10060,Basic,DSL,No,None,150.0
10061,Basic,DSL,No,None,565.83
10062,Standard,None,No,None,893.21
10063,Basic,Fiber,No,Netflix+Prime,791.11
10064,Premium,DSL,Yes,Netflix,1637.13
10065,Basic,None,No,None,362.83
10066,Standard,None,No,Netflix,713.65
10067,Standard,Fiber,No,Netflix,475.24
10068,Standard,None,No,Netflix+Prime,1353.09
10069,Basic,DSL,No,None,626.11
10070,Premium,Fiber,Yes,None,1218.48
10071,Standard,Fiber,No,Netflix+Prime,1034.26
10072,Premium,None,No,None,1390.87
10073,Basic,Fiber,No,None,954.21
10074,Basic,DSL,No,None,1494.37
10075,Standard,Fiber,Yes,None,1186.18
10076,Basic,DSL,No,Netflix+Prime,560.43
10077,Standard,DSL,No,None,731.59
10078,Basic,DSL,No,Netflix+Prime,582.17
10079,Standard,None,No,Netflix+Prime,449.45
10080,Premium,DSL,No,Netflix,1211.96
10081,Standard,Fiber,No,None,1285.04
10082,Premium,DSL,No,None,1015.99
10083,Standard,None,Yes,None,657.79
10084,Standard,DSL,No,None,1354.78
10085,Premium,Fiber,Yes,Netflix,922.06
10086,Premium,None,No,None,579.65
10087,Standard,Fiber,Yes,Netflix+Prime,704.13
10088,Basic,DSL,No,Netflix,237.87
10089,Standard,Fiber,Yes,Netflix,1165.87
10090,Basic,None,No,Prime,591.79
10091,Standard,Fiber,No,None,984.09
10092,Standard,DSL,No,None,1245.88
10093,Premium,None,No,None,992.6
10094,Premium,DSL,No,None,1432.53
10095,Standard,Fiber,No,Netflix,1503.4
10096,Basic,Fiber,No,None,713.3
10097,Premium,DSL,No,None,1421.11
10098,Basic,Fiber,No,Netflix+Prime,777.45
10099,Standard,Fiber,Yes,None,1327.23
10100,Basic,None,No,Netflix,228.55
10101,Basic,DSL,No,None,206.35
10102,Premium,Fiber,Yes,None,1232.62
10103,Basic,Fiber,No,Netflix,583.32
10104,Standard,DSL,No,Netflix+Prime,744.99
10105,Basic,DSL,Yes,None,634.14
10106,Premium,None,No,None,1416.0
10107,Premium,DSL,No,None,1077.7
10108,Basic,None,Yes,None,452.84
10109,Basic,DSL,No,None,594.55
10110,Standard,DSL,No,Netflix,669.26
10111,Basic,Fiber,No,None,569.8
10112,Standard,Fiber,No,None,566.09
10113,Basic,Fiber,No,Netflix,870.84
10114,Basic,Fiber,No,None,679.39
10115,Standard,Fiber,No,None,1339.88
10116,Basic,DSL,No,Netflix+Prime,265.78
10117,Premium,Fiber,No,None,1187.37
10118,Basic,DSL,Yes,Prime,1243.87
10119,Basic,Fiber,No,None,568.12
10120,Premium,DSL,No,None,1129.04
10121,Standard,DSL,Yes,None,535.25
10122,Standard,Fiber,No,None,645.47
10123,Basic,DSL,Yes,None,1164.19
10124,Standard,DSL,No,None,951.31
10125,Standard,Fiber,No,Prime,1090.1
10126,Basic,Fiber,No,Netflix,341.11
10127,Premium,None,Yes,None,1307.62
10128,Standard,Fiber,No,Netflix,1397.23
10129,Basic,DSL,Yes,Prime,1044.84
10130,Standard,Fiber,No,Prime,1250.5
10131,Standard,DSL,No,None,561.15
10132,Basic,Fiber,No,Prime,943.94
10133,Standard,None,No,None,1100.28
10134,Basic,Fiber,No,None,311.67
10135,Standard,Fiber,Yes,Netflix,713.62
10136,Standard,DSL,No,Prime,1166.45
10137,Standard,Fiber,No,Netflix+Prime,1312.81
10138,Premium,None,No,Netflix+Prime,735.43
10139,Basic,DSL,Yes,None,938.51
10140,Standard,DSL,No,Netflix+Prime,928.59
10141,Standard,Fiber,No,None,1284.3
10142,Standard,Fiber,No,None,859.64
10143,Standard,DSL,No,Netflix,1093.56
10144,Basic,None,No,None,953.15
10145,Basic,DSL,Yes,Netflix,594.6
10146,Basic,DSL,Yes,None,705.33
10147,Premium,Fiber,No,Netflix+Prime,1155.44
10148,Basic,DSL,No,None,1195.49
10149,Premium,Fiber,No,None,1313.92
10150,Standard,DSL,No,Netflix+Prime,623.39
10151,Basic,DSL,No,None,485.25
10152,Standard,DSL,No,Netflix,938.03
10153,Premium,None,No,Netflix,1426.0
10154,Premium,Fiber,No,Netflix,949.25
10155,Basic,Fiber,No,Netflix,1404.3
10156,Basic,DSL,No,None,792.6
10157,Basic,Fiber,Yes,Prime,989.94
10158,Basic,Fiber,No,None,820.84
10159,Standard,None,No,None,905.78
10160,Premium,Fiber,No,None,1305.52
10161,Basic,Fiber,No,Netflix,1155.34
10162,Standard,DSL,No,Netflix,897.62
10163,Standard,Fiber,Yes,Netflix+Prime,1280.12
10164,Basic,Fiber,Yes,Prime,719.85
10165,Basic,None,No,Netflix,758.69
10166,Standard,DSL,No,Netflix+Prime,658.82
10167,Premium,DSL,No,None,1564.96
10168,Standard,Fiber,Yes,Netflix,799.88
10169,Basic,DSL,No,Netflix,602.51
10170,Basic,DSL,No,None,605.51
10171,Basic,None,No,Prime,593.81
10172,Standard,Fiber,No,None,1266.75
10173,Standard,None,Yes,Netflix,805.0
10174,Basic,Fiber,No,Prime,1268.18
10175,Premium,DSL,No,Netflix+Prime,954.46
10176,Standard,Fiber,No,Prime,1100.81
10177,Standard,DSL,No,Netflix,667.26
10178,Premium,None,Yes,Netflix,1326.29
10179,Basic,Fiber,No,None,845.22
10180,Premium,DSL,No,None,1153.48
10181,Basic,DSL,Yes,Netflix+Prime,1056.54
10182,Basic,Fiber,No,Netflix+Prime,653.7
10183,Premium,DSL,No,Prime,1375.95
10184,Premium,DSL,No,None,969.31
10185,Standard,Fiber,No,Prime,1083.81
10186,Standard,Fiber,No,Netflix+Prime,691.33
10187,Standard,DSL,No,None,701.24
10188,Premium,Fiber,No,Netflix,1325.36
10189,Basic,None,No,Prime,1244.39
10190,Premium,DSL,Yes,Netflix,1230.24
10191,Standard,None,No,Netflix+Prime,1396.4
10192,Standard,DSL,No,None,966.1
10193,Standard,Fiber,No,Prime,933.87
10194,Standard,Fiber,No,Prime,1511.81
10195,Premium,Fiber,Yes,None,1481.11
10196,Standard,None,Yes,Prime,707.18
10197,Premium,DSL,No,Netflix,1341.17
10198,Basic,DSL,No,None,612.22
10199,Standard,Fiber,No,None,453.29
10200,Premium,Fiber,Yes,None,1630.79
10201,Standard,DSL,Yes,Prime,1228.48
10202,Standard,Fiber,No,Netflix+Prime,1601.38
10203,Standard,DSL,No,None,1026.64
10204,Premium,DSL,No,None,1125.38
10205,Premium,Fiber,No,None,1600.5
10206,Basic,DSL,No,Netflix,954.95
10207,Premium,Fiber,No,Netflix+Prime,1841.48
10208,Standard,DSL,No,Netflix,886.61
10209,Basic,DSL,Yes,Netflix,650.33
10210,Premium,Fiber,No,Netflix,1135.34
10211,Standard,Fiber,Yes,None,1211.24
10212,Premium,Fiber,No,Prime,885.52
10213,Basic,Fiber,Yes,Netflix,1082.83
10214,Basic,DSL,No,Netflix,876.35
10215,Standard,Fiber,No,Prime,1225.52
10216,Basic,None,Yes,Prime,741.47
10217,Standard,None,No,Prime,1359.89
10218,Basic,DSL,No,Netflix+Prime,961.6
10219,Standard,DSL,No,Netflix+Prime,717.88
10220,Basic,None,No,Netflix,523.25
10221,Basic,Fiber,Yes,None,586.1
10222,Standard,Fiber,Yes,None,1215.38
10223,Basic,Fiber,No,Prime,549.96
10224,Standard,DSL,No,None,1225.02
10225,Premium,Fiber,No,None,1746.89
10226,Standard,None,No,None,636.3
10227,Premium,Fiber,No,Prime,1294.34
10228,Basic,DSL,No,Netflix,704.99
10229,Basic,DSL,No,None,965.19
10230,Premium,DSL,Yes,None,1682.8
10231,Standard,Fiber,No,Prime,544.35
10232,Standard,DSL,Yes,None,804.55
10233,Standard,DSL,No,None,820.19
10234,Standard,None,Yes,Netflix,479.8
10235,Basic,DSL,No,Netflix,554.47
10236,Standard,DSL,Yes,None,1028.33
10237,Standard,DSL,Yes,Netflix,816.4
10238,Standard,DSL,No,None,436.61
10239,Premium,Fiber,No,Prime,2212.22
10240,Basic,None,No,None,779.85
10241,Basic,None,No,None,733.51
10242,Premium,Fiber,Yes,Prime,1020.62
10243,Standard,Fiber,No,Prime,1128.21
10244,Standard,Fiber,Yes,None,1000.74
10245,Basic,DSL,No,None,150.0
10246,Basic,DSL,No,Prime,378.92
10247,Standard,None,Yes,Prime,1138.48
10248,Basic,DSL,No,None,1283.21
10249,Premium,DSL,No,Netflix,1310.15
10250,Premium,Fiber,No,None,1680.92
10251,Premium,Fiber,No,Netflix,1303.27
10252,Basic,DSL,No,None,674.04
10253,Standard,DSL,Yes,None,1227.29
10254,Basic,DSL,No,None,1198.83
10255,Basic,Fiber,No,None,1240.33
10256,Basic,DSL,No,None,380.09
10257,Basic,Fiber,No,None,829.91
10258,Premium,Fiber,No,None,1433.26
10259,Basic,None,No,None,622.1
10260,Basic,DSL,No,Prime,816.36
10261,Premium,DSL,No,None,1446.17
10262,Basic,Fiber,No,Prime,1150.84
10263,Standard,Fiber,No,None,1555.76
10264,Basic,DSL,No,None,601.17
10265,Basic,Fiber,No,Netflix,440.79
10266,Premium,DSL,No,Netflix+Prime,1307.47
10267,Basic,DSL,No,None,1265.14
10268,Standard,Fiber,No,None,906.91
10269,Basic,DSL,No,Netflix,906.05
10270,Basic,Fiber,No,Netflix+Prime,1058.72
10271,Basic,Fiber,No,Netflix+Prime,907.43
10272,Basic,Fiber,No,None,852.08
10273,Basic,Fiber,No,None,572.97
10274,Standard,Fiber,No,Netflix,365.5
10275,Standard,DSL,No,Netflix,566.44
10276,Basic,None,No,Netflix,582.91
10277,Standard,None,Yes,Prime,1229.23
10278,Premium,DSL,No,Prime,1169.06
10279,Premium,DSL,No,None,1044.29
10280,Standard,DSL,No,None,632.7
10281,Premium,Fiber,No,Netflix,1547.04
10282,Basic,Fiber,No,None,1257.51
10283,Basic,Fiber,Yes,None,1169.03
10284,Standard,Fiber,No,None,1231.84
10285,Standard,Fiber,Yes,None,607.32
10286,Standard,Fiber,No,None,944.5
10287,Standard,Fiber,No,Prime,1634.19
10288,Premium,Fiber,No,None,1686.59
10289,Premium,Fiber,No,Netflix,888.75
10290,Standard,Fiber,No,None,1033.32
10291,Standard,Fiber,No,None,1158.93
10292,Basic,Fiber,Yes,Netflix+Prime,621.35
10293,Basic,Fiber,No,Prime,157.24
10294,Basic,Fiber,No,None,879.65
10295,Standard,Fiber,No,Prime,813.67
10296,Basic,Fiber,Yes,None,614.85
10297,Premium,Fiber,Yes,Netflix+Prime,1243.6
10298,Basic,Fiber,Yes,None,809.9
10299,Standard,DSL,Yes,None,897.28
10300,Basic,DSL,No,Netflix,434.8
10301,Basic,Fiber,Yes,Prime,783.94
10302,Premium,Fiber,No,None,822.77
10303,Standard,None,No,Prime,993.31
10304,Premium,DSL,No,None,343.12
10305,Premium,DSL,No,Netflix+Prime,1113.15
10306,Basic,DSL,Yes,None,975.76
10307,Basic,DSL,No,Netflix+Prime,382.2
10308,Premium,Fiber,No,None,1564.93
10309,Premium,DSL,Yes,None,1546.72
10310,Standard,Fiber,No,Netflix+Prime,150.0
10311,Standard,Fiber,No,Netflix+Prime,1004.59
10312,Standard,Fiber,No,Netflix,187.27
10313,Basic,None,No,None,664.54
10314,Standard,Fiber,No,Netflix,1047.85
10315,Premium,DSL,Yes,Netflix,455.24
10316,Standard,None,No,Netflix,1477.45
10317,Basic,None,Yes,Netflix,785.8
10318,Basic,DSL,No,None,445.29
10319,Basic,DSL,No,Prime,1139.61
10320,Basic,DSL,Yes,Prime,161.32
10321,Premium,DSL,No,None,831.25
10322,Basic,None,No,Netflix,150.0
10323,Basic,Fiber,No,Netflix,1390.31
10324,Basic,DSL,No,Netflix,799.7
10325,Standard,None,No,None,1097.82
10326,Standard,Fiber,No,Netflix,1140.3
10327,Basic,DSL,No,None,872.13
10328,Basic,None,No,Netflix,723.42
10329,Basic,Fiber,Yes,Prime,931.28
10330,Standard,Fiber,Yes,Prime,1082.28
10331,Basic,Fiber,No,None,667.42
10332,Premium,Fiber,No,Netflix,1336.01
10333,Standard,DSL,No,Netflix+Prime,982.08
10334,Basic,Fiber,No,None,883.16
10335,Standard,None,Yes,Prime,456.67
10336,Basic,DSL,Yes,Prime,296.5
10337,Standard,Fiber,No,Prime,1374.85
10338,Basic,Fiber,Yes,None,757.9
10339,Standard,DSL,No,None,1075.42
10340,Standard,Fiber,No,Netflix+Prime,722.36
10341,Premium,DSL,Yes,None,758.06
10342,Basic,Fiber,No,None,596.92
10343,Basic,DSL,No,Netflix,633.23
10344,Standard,None,No,None,700.46
10345,Premium,DSL,No,Prime,1588.18
10346,Premium,DSL,No,Netflix,1253.86
10347,Basic,DSL,No,Prime,1254.68
10348,Basic,None,No,Prime,821.32
10349,Standard,Fiber,Yes,None,326.23
10350,Basic,Fiber,No,None,1166.81
10351,Basic,Fiber,Yes,Prime,397.13
10352,Basic,Fiber,Yes,None,919.16
10353,Standard,DSL,No,Netflix+Prime,667.59
10354,Premium,Fiber,No,Prime,1992.81
10355,Premium,DSL,Yes,None,1631.88
10356,Basic,None,No,Prime,477.45
10357,Standard,Fiber,No,None,1011.79
10358,Premium,Fiber,Yes,None,1423.38
10359,Basic,DSL,No,Prime,959.02
10360,Standard,Fiber,Yes,Prime,1058.75
10361,Standard,DSL,No,Netflix,592.53
10362,Basic,DSL,Yes,None,484.73
10363,Standard,DSL,No,None,898.66
10364,Basic,Fiber,Yes,None,1220.34
10365,Standard,Fiber,No,None,1178.35
10366,Basic,DSL,No,None,467.98
10367,Basic,DSL,No,Netflix,894.51
10368,Basic,Fiber,No,Netflix+Prime,733.9
10369,Premium,Fiber,Yes,None,1617.12
10370,Standard,DSL,No,None,1658.1
10371,Standard,DSL,Yes,Prime,792.35
10372,Standard,None,No,Prime,1140.48
10373,Standard,None,Yes,Netflix+Prime,676.38
10374,Basic,None,No,None,666.32
10375,Standard,Fiber,No,None,1058.87
10376,Basic,DSL,No,Netflix,641.89
10377,Basic,DSL,Yes,Netflix,1438.9
10378,Standard,DSL,No,None,808.02
10379,Basic,DSL,No,Netflix,876.06
10380,Basic,None,No,None,150.0
10381,Standard,Fiber,No,None,1179.6
10382,Standard,Fiber,No,Netflix,1392.62
10383,Standard,DSL,No,None,741.72
10384,Standard,None,No,Netflix,150.0
10385,Standard,Fiber,No,None,1038.4
10386,Standard,DSL,No,None,905.16
10387,Basic,None,No,None,917.22
10388,Basic,DSL,No,None,1303.27
10389,Standard,DSL,No,None,785.98
10390,Basic,Fiber,No,Netflix,593.11
10391,Premium,Fiber,No,Prime,999.92
10392,Premium,DSL,No,None,1259.42
10393,Basic,DSL,No,None,843.81
10394,Basic,None,No,Netflix+Prime,536.3
10395,Basic,Fiber,Yes,None,1083.6
10396,Basic,Fiber,Yes,None,989.62
10397,Basic,DSL,Yes,None,712.97
10398,Standard,DSL,No,Prime,629.28
10399,Premium,DSL,No,None,1055.44
10400,Standard,DSL,No,Netflix,171.07
10401,Basic,DSL,No,None,770.74
10402,Basic,DSL,No,None,707.9
10403,Standard,Fiber,No,None,1106.54
10404,Premium,DSL,No,Prime,1351.3
10405,Premium,Fiber,No,Netflix,1465.75
10406,Premium,DSL,Yes,None,1166.89
10407,Standard,Fiber,Yes,None,1064.6
10408,Standard,DSL,Yes,Netflix,478.71
10409,Basic,Fiber,No,Prime,674.88
10410,Standard,DSL,No,None,915.14
10411,Basic,None,Yes,Netflix,479.24
10412,Standard,Fiber,Yes,None,1308.05
10413,Standard,Fiber,Yes,None,852.41
10414,Basic,DSL,No,None,764.89
10415,Basic,Fiber,No,Prime,884.97
10416,Basic,Fiber,No,None,1073.88
10417,Basic,DSL,No,Prime,970.24
10418,Basic,Fiber,No,Prime,1058.21
10419,Basic,Fiber,Yes,Prime,218.2
10420,Basic,Fiber,Yes,None,1208.24
10421,Basic,Fiber,No,None,1308.19
10422,Premium,None,No,Netflix+Prime,1055.36
10423,Basic,None,No,Prime,770.99
10424,Basic,Fiber,No,Prime,582.75
10425,Standard,Fiber,No,None,465.49
10426,Premium,Fiber,Yes,None,1128.39
10427,Standard,Fiber,No,Prime,887.96
10428,Basic,None,Yes,None,593.54
10429,Standard,DSL,No,Netflix,612.33
10430,Standard,DSL,No,None,679.97
10431,Standard,DSL,No,None,896.7
10432,Standard,DSL,No,None,668.93
10433,Premium,DSL,No,None,1363.06
10434,Premium,Fiber,No,None,1554.5
10435,Standard,DSL,No,Netflix,1614.12
10436,Standard,Fiber,No,None,1387.7
10437,Standard,Fiber,No,None,1122.93
10438,Premium,DSL,No,Prime,1013.92
10439,Basic,DSL,No,None,788.12
10440,Premium,Fiber,Yes,None,1447.98
10441,Basic,Fiber,No,Prime,696.01
10442,Standard,None,Yes,Netflix+Prime,1135.12
10443,Premium,None,Yes,None,780.57
10444,Basic,None,No,None,626.68
10445,Standard,Fiber,No,Netflix,1216.76
10446,Basic,None,Yes,None,613.72
10447,Basic,Fiber,Yes,Prime,787.97
10448,Basic,None,No,Netflix+Prime,658.66
10449,Basic,DSL,No,Netflix+Prime,449.32
10450,Basic,None,No,None,1052.17
10451,Premium,Fiber,No,None,1044.59
10452,Premium,Fiber,No,Netflix+Prime,1445.45
10453,Basic,DSL,Yes,None,824.09
10454,Standard,DSL,Yes,None,615.41
10455,Basic,DSL,No,Prime,721.93
10456,Basic,DSL,No,None,427.11
10457,Basic,DSL,Yes,None,1117.31
10458,Premium,Fiber,Yes,Prime,1008.37
10459,Premium,DSL,Yes,None,1003.83
10460,Basic,DSL,No,None,332.73
10461,Basic,DSL,No,None,292.69
10462,Basic,Fiber,No,Netflix,1327.36
10463,Standard,DSL,No,None,1062.83
10464,Standard,DSL,No,None,942.09
10465,Basic,Fiber,No,Netflix,653.03
10466,Standard,Fiber,Yes,Prime,1322.28
10467,Basic,DSL,Yes,None,452.73
10468,Premium,DSL,Yes,Prime,1438.09
10469,Standard,DSL,No,None,638.25
10470,Standard,None,No,Netflix,706.65
10471,Standard,DSL,No,None,1127.48
10472,Premium,Fiber,Yes,None,1609.15
10473,Basic,DSL,No,Prime,879.24
10474,Basic,Fiber,No,None,535.1
10475,Premium,DSL,No,None,1065.98
10476,Basic,DSL,No,None,747.07
10477,Basic,Fiber,Yes,Netflix,595.22
10478,Standard,DSL,No,None,1311.29
10479,Premium,DSL,No,None,479.42
10480,Standard,Fiber,No,None,816.38
10481,Premium,None,Yes,None,1047.13
10482,Standard,DSL,No,None,150.0
10483,Basic,Fiber,No,None,431.13
10484,Standard,None,No,None,1087.59
10485,Standard,Fiber,No,None,1059.09
10486,Basic,Fiber,No,Prime,1321.94
10487,Basic,Fiber,No,Prime,1313.57
10488,Basic,DSL,No,Prime,829.91
10489,Standard,Fiber,No,None,1143.97
10490,Premium,DSL,No,Netflix+Prime,1219.78
10491,Standard,DSL,No,None,150.0
10492,Premium,Fiber,Yes,Netflix+Prime,931.63
10493,Basic,DSL,No,None,730.2
10494,Premium,Fiber,No,None,1534.81
10495,Premium,Fiber,No,None,1436.9
10496,Basic,Fiber,Yes,None,582.26
10497,Premium,DSL,No,Prime,1481.22
10498,Basic,DSL,Yes,Prime,1144.73
10499,Premium,Fiber,No,Netflix+Prime,1631.4
10500,Premium,None,Yes,Netflix,1496.88
10501,Standard,DSL,No,None,732.23
10502,Standard,DSL,Yes,None,1222.78
10503,Basic,None,No,Netflix+Prime,743.73
10504,Standard,DSL,No,Netflix,1053.47
10505,Basic,None,No,Prime,809.63
10506,Standard,Fiber,Yes,None,1013.55
10507,Standard,Fiber,No,Netflix,792.0
10508,Premium,DSL,Yes,Netflix+Prime,1175.36
10509,Basic,DSL,No,None,996.03
10510,Premium,DSL,No,None,1067.56
10511,Premium,None,No,None,1468.0
10512,Standard,Fiber,No,Prime,1271.12
10513,Basic,Fiber,Yes,None,760.32
10514,Basic,Fiber,No,None,1266.64
10515,Basic,DSL,No,None,593.34
10516,Standard,Fiber,No,Netflix,1502.86
10517,Standard,Fiber,No,None,1180.24
10518,Premium,Fiber,No,None,1345.24
10519,Basic,DSL,Yes,Netflix+Prime,433.66
10520,Basic,Fiber,No,Netflix+Prime,823.52
10521,Standard,None,No,None,838.87
10522,Premium,Fiber,No,Prime,972.51
10523,Premium,DSL,No,Netflix,1134.72
10524,Premium,Fiber,Yes,None,1108.86
10525,Standard,DSL,Yes,None,1075.8
10526,Standard,Fiber,Yes,None,1441.88
10527,Premium,None,Yes,None,831.93
10528,Standard,Fiber,Yes,None,1563.69
10529,Basic,Fiber,No,Prime,811.43
10530,Basic,Fiber,No,None,557.49
10531,Basic,DSL,Yes,Netflix,927.33
10532,Standard,DSL,No,None,766.06
10533,Basic,None,Yes,Netflix,675.48
10534,Basic,Fiber,No,None,728.72
10535,Basic,DSL,No,Netflix,454.98
10536,Standard,DSL,No,Prime,1117.2
10537,Basic,Fiber,No,Prime,764.11
10538,Standard,Fiber,Yes,None,619.0
10539,Basic,Fiber,No,Netflix,1015.32
10540,Basic,DSL,No,Netflix+Prime,338.33
10541,Standard,None,No,Netflix,554.02
10542,Basic,Fiber,No,None,1207.78
10543,Basic,Fiber,No,Netflix,491.1
10544,Basic,Fiber,No,None,155.07
10545,Premium,DSL,No,Prime,1386.86
10546,Standard,None,Yes,Netflix,808.84
10547,Basic,DSL,Yes,None,634.7
10548,Basic,DSL,No,None,605.65
10549,Premium,Fiber,Yes,None,1419.5
10550,Standard,Fiber,No,Netflix+Prime,824.18
10551,Standard,Fiber,Yes,None,1492.83
10552,Standard,Fiber,Yes,None,607.13
10553,Standard,DSL,Yes,Netflix+Prime,1033.46
10554,Standard,None,No,None,1092.64
10555,Standard,DSL,Yes,None,672.1
10556,Standard,None,Yes,Netflix,592.88
10557,Basic,DSL,Yes,None,1005.15
10558,Premium,Fiber,No,None,1052.74
10559,Standard,DSL,No,None,718.0
10560,Basic,Fiber,No,Netflix,1116.19
10561,Premium,None,Yes,Netflix+Prime,1210.42
10562,Premium,Fiber,No,None,810.86
10563,Premium,Fiber,No,None,1874.12
10564,Premium,Fiber,No,None,1191.0
10565,Premium,Fiber,No,Prime,1229.17
10566,Basic,None,No,None,776.74
10567,Premium,Fiber,No,Prime,1537.52
10568,Premium,DSL,No,None,1788.33
10569,Basic,DSL,No,Netflix+Prime,201.98
10570,Basic,DSL,Yes,Netflix,947.79
10571,Premium,DSL,No,Netflix,1422.9
10572,Basic,Fiber,Yes,None,808.85
10573,Premium,DSL,No,Prime,1436.18
10574,Basic,DSL,Yes,None,980.28
10575,Basic,DSL,No,None,285.41
10576,Standard,Fiber,No,None,1574.93
10577,Basic,Fiber,No,Prime,382.37
10578,Standard,DSL,Yes,Prime,559.41
10579,Standard,None,No,Netflix,821.46
10580,Basic,DSL,No,Netflix,1277.48
10581,Basic,None,Yes,None,607.52
10582,Basic,Fiber,No,Prime,840.42
10583,Basic,DSL,Yes,Prime,1129.62
10584,Standard,Fiber,No,Netflix,959.9
10585,Standard,Fiber,Yes,None,696.47
10586,Basic,Fiber,No,Netflix+Prime,724.83
10587,Standard,None,No,Prime,1311.24
10588,Basic,DSL,No,Netflix,721.26
10589,Basic,DSL,No,None,1279.2
10590,Basic,DSL,No,Netflix,921.38
10591,Premium,DSL,Yes,Netflix,1006.56
10592,Premium,DSL,No,None,1215.32
10593,Premium,None,No,None,944.03
10594,Basic,DSL,Yes,None,499.47
10595,Basic,Fiber,No,Netflix,2193.73
10596,Standard,Fiber,No,None,1355.59
10597,Standard,None,No,None,1158.33
10598,Premium,None,No,Prime,1013.05
10599,Basic,Fiber,Yes,Netflix,1320.88
10600,Basic,None,No,None,1029.82
10601,Standard,Fiber,No,None,1614.49
10602,Premium,None,Yes,Prime,1749.93
10603,Premium,Fiber,No,Prime,906.27
10604,Standard,DSL,No,None,567.05
10605,Premium,Fiber,No,Netflix+Prime,1048.86
10606,Standard,Fiber,No,None,766.82
10607,Premium,DSL,Yes,Netflix+Prime,1297.04
10608,Premium,DSL,No,None,1029.96
10609,Premium,Fiber,No,None,1971.78
10610,Basic,None,No,None,1271.4
10611,Basic,DSL,No,None,698.06
10612,Standard,Fiber,No,Netflix,1636.6
10613,Standard,Fiber,No,Prime,1496.44
10614,Premium,None,No,Prime,1064.79
10615,Basic,None,No,None,150.0
10616,Basic,Fiber,No,None,784.61
10617,Standard,Fiber,No,None,856.61
10618,Basic,DSL,No,None,761.95
10619,Basic,Fiber,Yes,Netflix,876.77
10620,Basic,Fiber,No,None,868.91
10621,Standard,None,No,Prime,1057.11
10622,Basic,Fiber,No,Netflix,486.24
10623,Premium,DSL,No,None,1323.41
10624,Standard,Fiber,No,Netflix,918.12
10625,Premium,DSL,No,None,1259.99
10626,Standard,DSL,Yes,None,1187.22
10627,Basic,DSL,Yes,Prime,332.68
10628,Basic,DSL,No,None,615.61
10629,Basic,Fiber,No,None,814.44
10630,Standard,DSL,No,Prime,745.72
10631,Basic,DSL,No,None,969.95
10632,Basic,None,No,Prime,483.88
10633,Standard,DSL,No,None,733.38
10634,Basic,DSL,No,None,487.02
10635,Basic,DSL,No,Prime,1027.62
10636,Standard,DSL,No,Prime,752.27
10637,Premium,DSL,No,None,1338.01
10638,Basic,DSL,No,None,1292.71
10639,Basic,Fiber,No,Prime,827.55
10640,Premium,DSL,No,None,1533.62
10641,Basic,DSL,No,Netflix,1201.41
10642,Premium,None,No,Prime,1508.16
10643,Basic,Fiber,Yes,Netflix,844.96
10644,Premium,None,No,Prime,1392.63
10645,Basic,Fiber,No,Prime,463.79
10646,Premium,DSL,No,Netflix,965.99
10647,Basic,Fiber,No,Prime,668.6
10648,Standard,DSL,Yes,Netflix,1572.18
10649,Basic,DSL,Yes,None,456.22
10650,Basic,Fiber,No,None,601.76
10651,Standard,Fiber,Yes,Prime,736.82
10652,Standard,Fiber,No,Prime,1217.94
10653,Premium,None,Yes,None,1242.79
10654,Standard,DSL,No,None,1226.03
10655,Premium,Fiber,Yes,Netflix+Prime,1551.38
10656,Standard,Fiber,No,Netflix,635.88
10657,Premium,None,No,None,957.82
10658,Premium,Fiber,Yes,Netflix,1759.6
10659,Basic,None,No,Netflix+Prime,639.01
10660,Premium,DSL,No,Prime,1556.28
10661,Premium,Fiber,No,Prime,1305.1
10662,Basic,DSL,Yes,None,409.7
10663,Standard,DSL,No,Prime,809.02
10664,Basic,None,No,Netflix,409.59
10665,Premium,DSL,No,Prime,1030.33
10666,Basic,None,No,None,760.28
10667,Basic,DSL,No,None,853.48
10668,Standard,Fiber,No,None,572.94
10669,Standard,DSL,No,None,894.79
10670,Premium,DSL,Yes,Prime,1024.02
10671,Premium,DSL,No,Netflix+Prime,1005.48
10672,Standard,Fiber,No,Netflix,1089.81
10673,Basic,DSL,No,Prime,534.86
10674,Standard,Fiber,No,None,1464.64
10675,Standard,DSL,No,Prime,1256.42
10676,Standard,DSL,No,Prime,1254.55
10677,Basic,DSL,No,Prime,551.53
10678,Standard,Fiber,No,Netflix,761.25
10679,Basic,Fiber,Yes,Netflix,874.61
10680,Standard,None,No,Prime,854.9
10681,Standard,DSL,No,None,717.35
10682,Premium,Fiber,No,Prime,997.28
10683,Standard,Fiber,No,Netflix+Prime,1037.54
10684,Basic,DSL,No,None,578.78
10685,Premium,Fiber,No,Prime,1556.5
10686,Standard,Fiber,No,Prime,1249.53
10687,Basic,DSL,No,Netflix,1030.24
10688,Standard,DSL,Yes,Netflix,522.21
10689,Basic,DSL,No,Prime,820.32
10690,Premium,Fiber,Yes,None,1131.76
10691,Standard,DSL,No,None,533.88
10692,Standard,DSL,No,Prime,771.42
10693,Basic,DSL,No,Netflix,1020.61
10694,Basic,DSL,No,Prime,588.3
10695,Premium,DSL,Yes,None,1669.64
10696,Premium,None,No,None,1364.66
10697,Basic,DSL,No,Netflix+Prime,581.77
10698,Basic,Fiber,No,None,1198.01
10699,Basic,DSL,No,Prime,833.62
10700,Standard,Fiber,No,Prime,770.23
10701,Standard,Fiber,No,Prime,1607.64
10702,Standard,DSL,No,None,977.84
10703,Standard,Fiber,No,Netflix,1055.64
10704,Premium,Fiber,No,Prime,1093.34
10705,Standard,Fiber,No,None,1403.86
10706,Basic,Fiber,No,None,1005.18
10707,Standard,None,Yes,None,1088.77
10708,Premium,Fiber,No,None,1197.74
10709,Standard,None,Yes,Prime,1150.23
10710,Standard,Fiber,Yes,Prime,1323.54
10711,Standard,Fiber,No,Netflix+Prime,849.37
10712,Premium,Fiber,Yes,Netflix,924.9
10713,Standard,None,No,Prime,1074.41
10714,Basic,None,Yes,None,228.0
10715,Premium,DSL,Yes,Netflix,1245.6
10716,Premium,Fiber,Yes,Netflix,1215.83
10717,Basic,DSL,Yes,Netflix+Prime,1065.6
10718,Standard,Fiber,No,Prime,932.15
10719,Standard,DSL,No,Netflix+Prime,1232.18
10720,Basic,DSL,No,Prime,545.74
10721,Premium,None,No,Prime,1500.0
10722,Standard,DSL,No,None,1518.1
10723,Premium,Fiber,Yes,Prime,1029.59
10724,Basic,Fiber,No,Netflix,937.61
10725,Standard,DSL,Yes,None,1724.63
10726,Basic,DSL,No,None,719.98
10727,Standard,Fiber,Yes,Netflix,1068.54
10728,Standard,DSL,No,None,1136.55
10729,Standard,Fiber,Yes,None,1062.32
10730,Basic,None,Yes,Netflix,187.83
10731,Basic,DSL,No,Netflix+Prime,1039.69
10732,Basic,DSL,No,Prime,150.0
10733,Basic,Fiber,No,None,724.96
10734,Standard,Fiber,No,None,1412.23
10735,Standard,DSL,No,None,793.04
10736,Standard,DSL,No,None,691.89
10737,Standard,Fiber,No,None,1313.78
10738,Basic,None,No,Netflix+Prime,444.67
10739,Basic,DSL,No,Netflix,333.33
10740,Basic,Fiber,No,None,932.35
10741,Premium,None,No,None,1145.12
10742,Standard,Fiber,No,Netflix,676.9
10743,Basic,Fiber,No,Netflix,1041.09
10744,Basic,Fiber,No,None,989.35
10745,Premium,None,No,Netflix+Prime,1092.07
10746,Standard,Fiber,No,None,962.6
10747,Standard,None,No,None,1041.12
10748,Standard,Fiber,No,None,1407.11
10749,Basic,Fiber,Yes,Netflix,765.16
10750,Premium,DSL,No,None,1396.41
10751,Standard,DSL,Yes,None,1069.56
10752,Basic,Fiber,No,None,1113.79
10753,Premium,DSL,No,Netflix,1211.79
10754,Standard,Fiber,No,None,776.3
10755,Basic,DSL,No,None,561.25
10756,Standard,Fiber,Yes,None,1152.86
10757,Basic,DSL,Yes,None,1245.54
10758,Basic,Fiber,No,Netflix,704.79
10759,Standard,Fiber,Yes,None,1291.44
10760,Basic,DSL,No,None,601.58
10761,Premium,Fiber,No,Netflix,1383.14
10762,Premium,DSL,No,None,1654.62
10763,Basic,DSL,No,None,929.29
10764,Standard,DSL,No,None,527.61
10765,Premium,DSL,No,Netflix+Prime,1028.26
10766,Standard,None,No,Prime,1276.87
10767,Standard,DSL,Yes,Prime,942.56
10768,Basic,Fiber,No,Prime,505.35
10769,Standard,DSL,No,Netflix+Prime,654.31
10770,Standard,Fiber,Yes,Prime,1261.05
10771,Premium,DSL,No,Netflix,1498.32
10772,Basic,Fiber,No,None,855.36
10773,Premium,Fiber,No,None,2092.59
10774,Basic,Fiber,No,Netflix,1097.25
10775,Premium,DSL,No,Netflix+Prime,1126.96
10776,Standard,Fiber,No,None,805.29
10777,Standard,DSL,No,Prime,607.53
10778,Standard,DSL,No,None,1000.63
10779,Basic,Fiber,No,None,703.37
10780,Basic,Fiber,No,None,1352.12
10781,Basic,Fiber,Yes,Netflix,1289.89
10782,Basic,Fiber,Yes,None,1039.92
10783,Basic,DSL,No,Prime,346.3
10784,Standard,DSL,No,Prime,698.33
10785,Standard,DSL,No,Prime,1276.7
10786,Basic,Fiber,No,None,681.08
10787,Premium,Fiber,Yes,Prime,1686.64
10788,Standard,DSL,No,None,1042.38
10789,Premium,Fiber,Yes,None,1365.52
10790,Standard,Fiber,No,Prime,839.15
10791,Basic,Fiber,No,None,821.73
10792,Standard,Fiber,No,None,1106.89
10793,Standard,Fiber,Yes,None,1359.76
10794,Basic,Fiber,No,Prime,584.28
10795,Basic,DSL,No,None,621.15
10796,Basic,DSL,No,Netflix,713.45
10797,Basic,DSL,No,Netflix,898.8
10798,Standard,Fiber,No,Prime,777.46
10799,Standard,None,No,Prime,505.03
10800,Basic,Fiber,No,None,1052.19
10801,Standard,DSL,No,None,444.62
10802,Standard,Fiber,No,None,1435.49
10803,Basic,Fiber,No,None,803.22
10804,Basic,None,No,Prime,235.74
10805,Basic,Fiber,Yes,None,705.87
10806,Basic,None,No,None,813.74
10807,Basic,DSL,Yes,Prime,540.19
10808,Basic,DSL,No,Netflix,706.01
10809,Standard,DSL,No,Prime,1122.02
10810,Standard,Fiber,No,Prime,989.34
10811,Basic,DSL,No,Prime,418.88
10812,Basic,Fiber,No,Netflix,760.3
10813,Standard,Fiber,No,None,1474.45
10814,Premium,DSL,No,Netflix+Prime,1705.52
10815,Standard,None,No,Netflix,294.02
10816,Standard,DSL,No,None,1227.31
10817,Basic,DSL,No,None,775.04
10818,Basic,Fiber,Yes,Netflix,1127.19
10819,Premium,DSL,No,Netflix+Prime,1034.85
10820,Basic,Fiber,No,None,319.52
10821,Premium,Fiber,No,None,1525.35
10822,Standard,None,No,Prime,617.71
10823,Standard,None,No,Netflix+Prime,483.51
10824,Basic,DSL,No,None,304.48
10825,Standard,Fiber,No,None,1230.27
10826,Standard,DSL,No,Netflix,941.84
10827,Basic,DSL,Yes,None,934.74
10828,Basic,DSL,No,Prime,900.72
10829,Premium,DSL,No,None,1073.72
10830,Standard,None,No,None,878.86
10831,Standard,DSL,No,None,746.57
10832,Basic,Fiber,Yes,None,786.9
10833,Standard,Fiber,No,None,759.82
10834,Standard,Fiber,No,None,1167.15
10835,Standard,None,No,Prime,1222.54
10836,Standard,DSL,No,None,655.02
10837,Standard,Fiber,No,Netflix+Prime,1434.38
10838,Standard,Fiber,No,None,1084.06
10839,Basic,DSL,Yes,Netflix,772.32
10840,Premium,Fiber,No,None,840.17
10841,Standard,Fiber,No,None,507.82
10842,Basic,DSL,No,Netflix,743.23
10843,Standard,DSL,No,Netflix,1136.92
10844,Premium,DSL,No,Prime,998.59
10845,Basic,Fiber,Yes,Prime,1351.03
10846,Basic,Fiber,No,Netflix,1070.48
10847,Standard,Fiber,No,None,777.5
10848,Basic,Fiber,No,Prime,859.25
10849,Standard,None,No,Netflix,1643.08
10850,Basic,Fiber,Yes,Netflix+Prime,477.23
10851,Standard,Fiber,No,Prime,1208.48
10852,Basic,Fiber,No,None,753.18
10853,Basic,Fiber,Yes,None,1062.07
10854,Premium,Fiber,No,Netflix,1730.18
10855,Standard,None,No,Prime,784.13
10856,Basic,None,No,Netflix,1035.67
10857,Basic,DSL,No,Prime,1366.36
10858,Standard,DSL,No,None,919.88
10859,Standard,None,Yes,None,1135.47
10860,Premium,DSL,No,None,1022.87
10861,Premium,None,No,Netflix,1205.78
10862,Standard,DSL,No,Netflix,847.0
10863,Standard,DSL,No,None,1139.08
10864,Standard,DSL,Yes,Netflix,1261.4
10865,Standard,DSL,No,None,867.1
10866,Basic,DSL,No,None,1160.09
10867,Basic,Fiber,No,Prime,1309.01
10868,Basic,Fiber,No,None,1104.06
10869,Basic,None,No,Netflix,545.19
10870,Basic,Fiber,No,Prime,666.45
10871,Standard,Fiber,No,Prime,806.29
10872,Standard,Fiber,Yes,None,1334.75
10873,Standard,Fiber,No,None,686.47
10874,Basic,Fiber,Yes,Prime,1053.05
10875,Basic,DSL,No,Prime,375.67
10876,Standard,DSL,Yes,Prime,1147.06
10877,Basic,DSL,No,None,705.17
10878,Standard,DSL,Yes,None,1300.09
10879,Premium,Fiber,Yes,Netflix,1692.44
10880,Basic,DSL,No,Prime,1130.52
10881,Basic,None,No,None,1138.25
10882,Standard,None,No,None,943.09
10883,Premium,None,No,Prime,852.36
10884,Standard,None,Yes,None,584.24
10885,Premium,DSL,No,None,573.95
10886,Basic,Fiber,No,None,524.9
10887,Premium,DSL,No,None,1220.65
10888,Basic,Fiber,No,Netflix,682.1
10889,Basic,None,No,None,645.96
10890,Premium,None,No,None,1347.81
10891,Premium,Fiber,Yes,None,1258.78
10892,Basic,Fiber,No,None,513.45
10893,Basic,DSL,No,Netflix,684.03
10894,Basic,DSL,No,None,430.45
10895,Basic,Fiber,No,Netflix,768.76
10896,Basic,Fiber,No,None,1252.83
10897,Premium,None,Yes,None,1118.85
10898,Standard,DSL,No,None,1431.29
10899,Standard,None,No,None,1329.49
10900,Standard,Fiber,Yes,Netflix,876.21
10901,Standard,Fiber,Yes,None,716.66
10902,Standard,Fiber,Yes,Prime,1034.23
10903,Standard,None,No,None,1246.0
10904,Basic,DSL,No,None,552.94
10905,Standard,None,Yes,None,1172.43
10906,Standard,DSL,Yes,Prime,1262.53
10907,Premium,DSL,No,None,967.79
10908,Premium,Fiber,No,None,1147.18
10909,Standard,Fiber,No,None,1263.8
10910,Standard,Fiber,No,None,1095.55
10911,Basic,Fiber,No,Netflix+Prime,644.18
10912,Standard,Fiber,Yes,Netflix,944.35
10913,Basic,DSL,No,Prime,678.84
10914,Basic,None,No,Netflix,230.54
10915,Basic,DSL,No,Netflix,929.69
10916,Standard,None,No,None,756.39
10917,Basic,DSL,No,Netflix,150.0
10918,Premium,Fiber,No,None,1342.84
10919,Basic,Fiber,No,None,627.53
10920,Premium,DSL,No,Netflix,1706.65
10921,Standard,DSL,No,Prime,724.37
10922,Basic,DSL,No,Netflix,370.71
10923,Basic,DSL,Yes,Netflix,852.38
10924,Standard,DSL,Yes,None,701.87
10925,Standard,Fiber,No,None,816.16
10926,Standard,Fiber,Yes,None,1202.85
10927,Basic,Fiber,No,Prime,537.86
10928,Standard,None,No,Netflix+Prime,462.82
10929,Premium,Fiber,No,None,1867.8
10930,Basic,Fiber,No,None,1023.85
10931,Standard,Fiber,No,None,970.74
10932,Basic,Fiber,Yes,Prime,848.96
10933,Standard,Fiber,No,Netflix,1201.76
10934,Standard,DSL,No,None,1192.0
10935,Basic,None,No,Netflix+Prime,473.21
10936,Basic,Fiber,Yes,Prime,959.84
10937,Basic,DSL,Yes,None,547.99
10938,Standard,Fiber,No,Netflix+Prime,993.31
10939,Standard,DSL,Yes,None,948.21
10940,Premium,DSL,No,None,1198.0
10941,Standard,DSL,No,None,1120.67
10942,Basic,Fiber,No,Prime,996.13
10943,Premium,Fiber,No,Netflix,897.55
10944,Standard,Fiber,Yes,None,642.65
10945,Standard,DSL,No,Netflix+Prime,789.08
10946,Basic,Fiber,No,None,1398.59
10947,Basic,Fiber,No,Prime,594.52
10948,Premium,DSL,No,Netflix,1137.53
10949,Standard,Fiber,No,None,889.1
10950,Basic,DSL,No,None,533.79
10951,Standard,DSL,No,Prime,953.47
10952,Premium,Fiber,No,None,1770.23
10953,Basic,Fiber,No,Netflix,986.79
10954,Standard,DSL,No,Netflix,658.94
10955,Premium,DSL,Yes,Prime,2025.97
10956,Basic,DSL,No,None,723.57
10957,Standard,DSL,No,None,726.83
10958,Standard,DSL,No,None,1323.63
10959,Standard,DSL,No,Prime,759.28
10960,Basic,Fiber,Yes,None,1348.87
10961,Basic,Fiber,Yes,None,588.81
10962,Standard,Fiber,Yes,Netflix+Prime,1479.01
10963,Basic,Fiber,No,Prime,910.31
10964,Standard,DSL,No,None,1287.32
10965,Basic,DSL,No,Netflix+Prime,1270.53
10966,Basic,None,Yes,Netflix,360.22
10967,Premium,DSL,No,None,1582.73
10968,Standard,DSL,No,None,477.33
10969,Premium,DSL,No,Netflix,885.84
10970,Basic,Fiber,No,Prime,608.98
10971,Standard,Fiber,No,None,1201.09
10972,Basic,None,No,None,709.9
10973,Standard,None,Yes,None,849.86
10974,Standard,Fiber,Yes,Netflix,1093.87
10975,Basic,DSL,Yes,None,877.39
10976,Premium,DSL,No,None,1400.47
10977,Basic,DSL,No,Netflix,1028.25
10978,Standard,DSL,Yes,Prime,1446.01
10979,Premium,DSL,No,Netflix,1193.59
10980,Premium,DSL,No,None,1043.67
10981,Premium,DSL,No,None,1384.06
10982,Basic,DSL,No,None,356.72
10983,Basic,None,No,Netflix+Prime,496.39
10984,Basic,Fiber,No,Prime,1149.81
10985,Standard,None,No,None,862.76
10986,Standard,DSL,No,None,537.54
10987,Basic,Fiber,No,Netflix,403.06
10988,Standard,DSL,Yes,Netflix,914.62
10989,Basic,DSL,No,None,1042.57
10990,Basic,DSL,No,Prime,1038.56
10991,Standard,None,No,Prime,933.26
10992,Standard,None,No,Netflix,1502.67
10993,Premium,DSL,No,Prime,1168.55
10994,Basic,DSL,No,Prime,658.43
10995,Standard,Fiber,Yes,Prime,279.77
10996,Basic,DSL,No,Netflix+Prime,565.79
10997,Basic,DSL,Yes,None,955.6
10998,Standard,DSL,Yes,None,1369.19
10999,Premium,Fiber,No,Prime,1100.93
11000,Basic,DSL,Yes,Prime,838.68
11001,Basic,DSL,No,Netflix+Prime,1014.06
11002,Standard,DSL,No,None,903.36
11003,Basic,Fiber,No,Netflix,165.02
11004,Premium,None,Yes,None,1274.19
11005,Standard,DSL,No,Netflix,1128.43
11006,Basic,None,No,None,415.77
11007,Standard,Fiber,No,None,973.75
11008,Standard,None,No,None,553.35
11009,Basic,Fiber,No,Netflix,150.0
11010,Standard,Fiber,No,None,1358.1
11011,Basic,None,No,None,698.88
11012,Standard,DSL,Yes,None,1379.3
11013,Basic,Fiber,No,None,1107.2
11014,Premium,None,No,Netflix+Prime,1093.74
11015,Basic,Fiber,No,None,825.05
11016,Basic,None,No,None,869.85
11017,Premium,Fiber,Yes,Prime,1640.07
11018,Basic,None,No,Netflix,796.8
11019,Basic,Fiber,No,Prime,1181.68
11020,Basic,Fiber,No,Netflix,761.0
11021,Basic,Fiber,No,Netflix+Prime,550.86
11022,Premium,None,Yes,None,1180.56
11023,Standard,Fiber,Yes,Netflix+Prime,1111.56
11024,Basic,Fiber,Yes,Prime,489.54
11025,Standard,Fiber,No,Netflix,648.98
11026,Standard,DSL,No,Netflix,1034.22
11027,Premium,DSL,No,Netflix,1078.09
11028,Basic,None,Yes,None,650.25
11029,Standard,Fiber,No,None,942.09
11030,Standard,DSL,No,Netflix+Prime,1356.18
11031,Standard,DSL,No,Netflix,1278.53
11032,Standard,Fiber,No,None,678.79
11033,Basic,Fiber,Yes,Prime,690.16
11034,Standard,Fiber,Yes,Netflix,1305.0
11035,Standard,Fiber,No,None,1230.58
11036,Premium,DSL,No,Prime,1187.56
11037,Basic,DSL,Yes,Prime,358.72
11038,Standard,DSL,No,None,695.24
11039,Premium,Fiber,No,Netflix+Prime,1194.97
11040,Standard,DSL,No,None,983.1
11041,Premium,Fiber,Yes,None,1861.12
11042,Premium,Fiber,No,None,1143.94
11043,Basic,Fiber,No,Netflix,542.19
11044,Standard,None,No,None,867.42
11045,Basic,DSL,No,None,1009.52
11046,Standard,Fiber,Yes,Prime,615.94
11047,Basic,DSL,No,None,1136.09
11048,Standard,DSL,No,Prime,848.39
11049,Standard,Fiber,No,Netflix,829.7
11050,Standard,DSL,No,Netflix+Prime,419.94
11051,Basic,Fiber,No,Netflix,1061.96
11052,Premium,Fiber,No,None,1298.65
11053,Basic,DSL,No,None,751.21
11054,Basic,DSL,Yes,Prime,429.76
11055,Basic,Fiber,Yes,Prime,754.27
11056,Premium,Fiber,No,None,1204.03
11057,Premium,Fiber,No,Netflix,1319.82
11058,Standard,Fiber,No,None,849.13
11059,Premium,Fiber,No,Netflix+Prime,889.75
11060,Basic,Fiber,No,Netflix+Prime,1668.55
11061,Premium,DSL,No,Netflix+Prime,790.98
11062,Basic,Fiber,No,Prime,904.44
11063,Basic,Fiber,No,Netflix+Prime,318.39
11064,Basic,Fiber,No,None,250.89
11065,Standard,Fiber,No,Prime,1079.35
11066,Standard,None,No,Prime,952.31
11067,Basic,DSL,No,Netflix+Prime,1078.45
11068,Premium,None,No,Netflix,1319.86
11069,Standard,Fiber,No,None,1005.06
11070,Basic,Fiber,Yes,Netflix,565.12
11071,Standard,DSL,No,Netflix,1349.7
11072,Standard,DSL,No,None,1178.66
11073,Premium,Fiber,No,None,976.1
11074,Standard,Fiber,No,Netflix,1061.39
11075,Standard,DSL,No,None,943.22
11076,Basic,Fiber,No,None,746.3
11077,Standard,DSL,No,None,1131.56
11078,Premium,None,No,Netflix+Prime,1449.52
11079,Basic,None,No,Prime,642.85
11080,Premium,DSL,No,None,1115.74
11081,Standard,None,No,Prime,1349.69
11082,Basic,None,No,Prime,979.85
11083,Premium,DSL,No,None,1221.71
11084,Standard,Fiber,No,None,561.24
11085,Basic,Fiber,No,Netflix,953.2
11086,Basic,Fiber,No,None,1059.43
11087,Basic,DSL,No,Prime,150.0
11088,Premium,DSL,No,None,1275.56
11089,Standard,Fiber,No,None,924.99
11090,Premium,DSL,Yes,Netflix+Prime,1133.74
11091,Basic,Fiber,No,None,577.79
11092,Basic,DSL,Yes,Prime,655.54
11093,Basic,Fiber,No,None,1267.6
11094,Standard,None,No,None,766.08
11095,Premium,Fiber,No,None,1639.67
11096,Standard,Fiber,No,None,808.1
11097,Basic,None,No,None,927.63
11098,Premium,None,No,None,1200.5
11099,Standard,DSL,Yes,Netflix,1005.61
11100,Basic,Fiber,Yes,Netflix,852.15
11101,Premium,None,No,None,1392.49
11102,Basic,DSL,Yes,Prime,150.0
11103,Basic,DSL,No,None,274.05
11104,Basic,DSL,No,None,825.12
11105,Standard,DSL,No,Netflix,286.94
11106,Standard,Fiber,Yes,None,890.83
11107,Basic,Fiber,No,None,833.7
11108,Basic,None,Yes,None,451.56
11109,Standard,Fiber,No,Prime,842.53
11110,Premium,DSL,Yes,Netflix,1281.47
11111,Standard,DSL,No,None,1202.79
11112,Basic,None,Yes,None,412.47
11113,Basic,DSL,Yes,Prime,527.48
11114,Basic,DSL,No,Netflix,480.62
11115,Basic,None,Yes,None,150.0
11116,Standard,Fiber,No,None,1092.51
11117,Standard,DSL,Yes,None,1180.42
11118,Standard,None,No,Netflix,1204.99
11119,Standard,None,No,Prime,638.77
11120,Basic,DSL,No,None,324.49
11121,Basic,None,No,None,706.48
11122,Standard,DSL,No,Netflix+Prime,1148.78
11123,Basic,Fiber,Yes,Netflix,896.46
11124,Basic,None,Yes,Netflix,786.79
11125,Basic,None,No,None,1042.55
11126,Basic,DSL,No,Netflix,478.26
11127,Basic,DSL,No,Netflix,634.01
11128,Premium,DSL,No,None,1690.38
11129,Premium,Fiber,No,Netflix+Prime,1290.96
11130,Basic,DSL,Yes,Prime,319.8
11131,Basic,Fiber,No,Prime,649.19
11132,Standard,DSL,No,Netflix,618.55
11133,Basic,Fiber,No,None,957.15
11134,Basic,DSL,No,None,431.22
11135,Basic,Fiber,No,None,931.31
11136,Basic,DSL,No,Prime,479.18
11137,Standard,DSL,No,None,262.99
11138,Premium,None,Yes,Prime,1291.99
11139,Basic,Fiber,Yes,None,894.54
11140,Basic,DSL,No,Netflix,855.33
11141,Basic,DSL,No,Netflix,498.1
11142,Basic,Fiber,Yes,Netflix,616.14
11143,Premium,DSL,No,Prime,1320.44
11144,Standard,Fiber,No,Netflix+Prime,1505.71
11145,Standard,Fiber,Yes,None,1053.35
11146,Standard,DSL,No,None,1027.38
11147,Premium,Fiber,No,None,1253.52
11148,Premium,Fiber,No,Netflix,886.91
11149,Basic,None,No,None,990.23
11150,Basic,DSL,No,Prime,972.52
11151,Standard,Fiber,No,None,1263.23
11152,Basic,DSL,Yes,Netflix,645.42
11153,Premium,Fiber,No,Prime,1529.12
11154,Standard,None,No,Netflix,1168.13
11155,Premium,DSL,No,Netflix,1686.05
11156,Basic,None,Yes,None,996.56
11157,Premium,Fiber,Yes,None,1369.15
11158,Basic,None,No,Netflix,307.52
11159,Premium,Fiber,No,None,1396.7
11160,Basic,DSL,No,Netflix+Prime,776.97
11161,Standard,DSL,No,Netflix+Prime,1112.71
11162,Standard,DSL,No,Prime,1306.17
11163,Standard,DSL,No,None,871.45
11164,Standard,Fiber,No,Prime,1680.3
11165,Premium,Fiber,No,None,822.21
11166,Standard,None,No,None,1025.8
11167,Standard,Fiber,Yes,None,810.44
11168,Basic,Fiber,Yes,None,277.83
11169,Premium,None,No,None,1139.47
11170,Standard,None,No,None,462.85
11171,Standard,DSL,No,Netflix+Prime,851.57
11172,Basic,Fiber,No,None,860.43
11173,Standard,DSL,No,Netflix+Prime,1235.56
11174,Basic,DSL,No,None,247.72
11175,Basic,DSL,No,None,972.53
11176,Standard,Fiber,Yes,Netflix,1079.42
11177,Basic,Fiber,No,Netflix,1158.65
11178,Basic,Fiber,No,None,720.47
11179,Standard,None,No,None,500.33
11180,Basic,DSL,No,None,334.75
11181,Basic,Fiber,Yes,None,462.46
11182,Basic,Fiber,No,Prime,993.34
11183,Standard,DSL,No,Netflix,1343.08
11184,Standard,Fiber,No,None,880.51
11185,Standard,DSL,No,Prime,1088.74
11186,Basic,None,No,None,242.97
11187,Basic,DSL,No,Prime,754.1
11188,Basic,DSL,Yes,Prime,900.57
11189,Standard,Fiber,No,Netflix+Prime,615.56
11190,Premium,DSL,No,None,1138.83
11191,Basic,DSL,No,Netflix,914.78
11192,Basic,Fiber,No,None,150.0
11193,Basic,DSL,No,Netflix,1100.64
11194,Standard,Fiber,No,None,1156.1
11195,Standard,Fiber,Yes,None,1265.02
11196,Standard,Fiber,No,Prime,926.18
11197,Premium,Fiber,Yes,None,833.18
11198,Standard,DSL,Yes,Prime,1060.22
11199,Basic,DSL,No,Prime,675.22
11200,Basic,Fiber,Yes,Netflix,859.63
11201,Standard,None,No,None,1226.28
11202,Standard,DSL,No,None,1128.62
11203,Standard,Fiber,No,Netflix+Prime,1626.37
11204,Standard,Fiber,No,None,1096.16
11205,Standard,Fiber,No,Netflix,842.64
11206,Premium,Fiber,No,Netflix,1293.47
11207,Standard,DSL,No,Netflix+Prime,1024.7
11208,Standard,Fiber,Yes,Prime,1354.76
11209,Basic,DSL,No,Netflix,259.89
11210,Standard,Fiber,No,None,1052.56
11211,Premium,Fiber,No,None,1832.86
11212,Basic,Fiber,No,None,777.94
11213,Standard,DSL,No,Prime,1179.3
11214,Standard,None,No,Prime,1047.94
11215,Basic,None,No,Prime,986.76
11216,Standard,Fiber,No,Netflix,807.07
11217,Basic,Fiber,No,Netflix,608.38
11218,Premium,DSL,No,None,1206.08
11219,Premium,None,Yes,None,740.33
11220,Basic,Fiber,No,None,769.08
11221,Basic,None,No,Prime,775.86
11222,Standard,DSL,Yes,None,1435.39
11223,Basic,DSL,No,Prime,820.82
11224,Basic,None,No,Netflix,887.57
11225,Standard,Fiber,No,None,1399.34
11226,Basic,DSL,Yes,None,410.6
11227,Basic,DSL,No,None,650.48
11228,Premium,Fiber,No,None,2077.62
11229,Premium,DSL,No,Prime,1176.26
11230,Standard,Fiber,No,None,1384.93
11231,Premium,Fiber,No,Prime,1639.12
11232,Basic,Fiber,No,Prime,406.57
11233,Basic,DSL,No,None,793.14
11234,Basic,None,Yes,Prime,744.02
11235,Standard,DSL,No,Netflix,998.99
11236,Premium,Fiber,Yes,Prime,1123.77
11237,Standard,DSL,No,None,564.92
11238,Premium,Fiber,No,None,1207.2
11239,Standard,None,No,None,870.66
11240,Basic,Fiber,No,None,1205.5
11241,Standard,Fiber,No,Prime,1595.19
11242,Basic,Fiber,No,Prime,1268.98
11243,Basic,Fiber,Yes,Netflix+Prime,1108.06
11244,Standard,None,Yes,None,598.7
11245,Standard,None,No,None,777.33
11246,Standard,DSL,No,Netflix,962.98
11247,Standard,None,No,None,710.27
11248,Basic,DSL,No,None,873.16
11249,Standard,DSL,No,Netflix,1116.15
11250,Standard,DSL,No,None,1060.89
11251,Basic,DSL,No,Netflix,1007.54
11252,Premium,Fiber,Yes,None,1078.62
11253,Standard,None,No,Netflix,1179.85
11254,Standard,Fiber,No,Prime,841.31
11255,Premium,Fiber,No,None,1067.72
11256,Premium,Fiber,Yes,Netflix+Prime,1509.63
11257,Premium,Fiber,No,Netflix,1714.76
11258,Basic,DSL,No,Netflix+Prime,846.4
11259,Basic,Fiber,No,None,856.24
11260,Basic,Fiber,Yes,Netflix,943.05
11261,Basic,Fiber,Yes,None,890.93
11262,Premium,Fiber,No,Prime,1012.21
11263,Standard,None,No,Netflix,527.21
11264,Basic,DSL,Yes,None,676.35
11265,Basic,DSL,No,Netflix+Prime,723.96
11266,Basic,Fiber,Yes,None,853.4
11267,Standard,Fiber,No,None,1252.83
11268,Standard,None,No,Netflix,835.36
11269,Premium,DSL,No,Netflix,1368.89
11270,Premium,DSL,No,None,1156.62
11271,Basic,None,No,None,1247.01
11272,Basic,Fiber,No,Netflix+Prime,874.21
11273,Basic,Fiber,No,Prime,1552.22
11274,Basic,DSL,No,None,805.6
11275,Premium,DSL,No,None,1135.9
11276,Standard,Fiber,No,Netflix+Prime,780.17
11277,Standard,DSL,No,Prime,467.13
11278,Standard,None,Yes,Netflix+Prime,602.57
11279,Basic,Fiber,No,None,586.12
11280,Basic,DSL,No,Prime,818.45
11281,Standard,Fiber,Yes,Prime,892.15
11282,Standard,Fiber,No,None,1106.08
11283,Basic,DSL,No,Netflix,1084.59
11284,Standard,DSL,No,Netflix,873.66
11285,Premium,Fiber,Yes,None,1973.75
11286,Standard,Fiber,No,Prime,697.26
11287,Standard,Fiber,No,Prime,1004.82
11288,Standard,Fiber,No,Prime,888.21
11289,Standard,Fiber,No,Prime,1330.95
11290,Standard,Fiber,No,None,378.06
11291,Premium,Fiber,No,None,917.07
11292,Basic,Fiber,No,Prime,817.8
11293,Standard,DSL,No,None,1365.41
11294,Basic,None,No,None,767.75
11295,Basic,Fiber,No,Netflix,444.54
11296,Standard,Fiber,Yes,None,690.85
11297,Premium,Fiber,No,Netflix,1851.9
11298,Basic,DSL,Yes,None,513.66
11299,Basic,Fiber,Yes,None,567.11
11300,Basic,DSL,No,Netflix+Prime,1143.21
11301,Standard,Fiber,No,Prime,1353.33
11302,Basic,Fiber,No,Prime,1232.22
11303,Basic,Fiber,No,Netflix,564.99
11304,Standard,Fiber,No,Prime,592.47
11305,Basic,Fiber,Yes,Prime,889.95
11306,Standard,DSL,Yes,Netflix,1000.54
11307,Standard,None,Yes,Netflix+Prime,1009.38
11308,Basic,Fiber,No,None,1293.46
11309,Standard,Fiber,Yes,Netflix+Prime,529.87
11310,Standard,DSL,No,None,1157.91
11311,Standard,Fiber,No,Netflix,721.01
11312,Standard,DSL,Yes,None,1156.72
11313,Basic,Fiber,Yes,Netflix,707.51
11314,Premium,DSL,No,Netflix,955.81
11315,Standard,Fiber,No,Netflix+Prime,867.03
11316,Basic,Fiber,No,Netflix+Prime,416.32
11317,Basic,DSL,No,Netflix+Prime,712.13
11318,Basic,Fiber,No,None,618.2
11319,Basic,None,No,Netflix+Prime,935.89
11320,Standard,DSL,No,None,1092.02
11321,Basic,Fiber,No,Prime,1356.45
11322,Basic,DSL,No,None,809.9
11323,Standard,DSL,No,Netflix,1056.2
11324,Basic,DSL,No,Netflix+Prime,1120.03
11325,Standard,Fiber,No,Netflix+Prime,861.7
11326,Standard,Fiber,Yes,Netflix,603.52
11327,Basic,None,No,Prime,760.03
11328,Standard,Fiber,No,None,623.21
11329,Standard,DSL,No,Prime,1636.18
11330,Basic,Fiber,Yes,Netflix,1286.65
11331,Basic,DSL,No,None,1349.19
11332,Standard,Fiber,No,None,1068.73
11333,Premium,DSL,Yes,None,1365.17
11334,Standard,DSL,No,Prime,762.16
11335,Basic,Fiber,No,None,1114.88
11336,Standard,None,No,None,535.34
11337,Standard,DSL,No,None,150.0
11338,Standard,Fiber,No,Netflix,812.79
11339,Standard,DSL,No,Prime,463.36
11340,Standard,Fiber,No,Netflix,1493.38
11341,Premium,Fiber,Yes,Netflix,1894.7
11342,Standard,DSL,No,None,479.12
11343,Standard,DSL,No,None,1287.51
11344,Basic,DSL,No,Prime,985.42
11345,Premium,DSL,No,None,729.07
11346,Premium,DSL,No,None,1082.92
11347,Basic,Fiber,Yes,Prime,675.95
11348,Standard,None,No,None,1124.4
11349,Basic,DSL,Yes,Prime,331.37
11350,Standard,Fiber,Yes,None,1020.34
11351,Standard,Fiber,No,Prime,844.22
11352,Basic,None,No,None,842.0
11353,Premium,Fiber,Yes,None,1284.96
11354,Basic,Fiber,No,None,689.43
11355,Standard,Fiber,No,Prime,986.01
11356,Standard,DSL,No,Netflix+Prime,1510.81
11357,Basic,DSL,No,None,574.93
11358,Basic,Fiber,No,Prime,537.7
11359,Basic,DSL,No,Netflix,875.03
11360,Standard,Fiber,No,Netflix+Prime,1006.94
11361,Standard,DSL,No,Prime,475.43
11362,Basic,Fiber,No,None,1519.45
11363,Basic,DSL,No,Prime,594.26
11364,Basic,None,No,Netflix,586.64
11365,Standard,None,Yes,None,947.95
11366,Standard,DSL,No,None,1419.04
11367,Basic,DSL,No,Netflix+Prime,196.08
11368,Standard,Fiber,No,Netflix+Prime,1132.8
11369,Basic,DSL,No,Prime,1326.18
11370,Premium,DSL,No,Netflix+Prime,1238.62
11371,Premium,DSL,No,Prime,829.4
11372,Standard,None,No,None,714.48
11373,Premium,None,No,None,1262.06
11374,Premium,Fiber,Yes,None,1749.24
11375,Premium,Fiber,Yes,None,1248.2
11376,Standard,None,No,None,1148.0
11377,Basic,None,No,Netflix,269.39
11378,Basic,None,No,Prime,266.88
11379,Basic,DSL,Yes,Prime,555.16
11380,Standard,DSL,No,Netflix,1331.41
11381,Basic,Fiber,No,Netflix+Prime,870.66
11382,Basic,Fiber,No,Netflix,936.94
11383,Standard,DSL,No,Prime,983.42
11384,Basic,DSL,No,None,1032.76
11385,Standard,None,No,None,716.93
11386,Premium,None,No,Netflix+Prime,1406.49
11387,Standard,DSL,No,None,650.74
11388,Standard,None,No,Netflix,1494.98
11389,Standard,Fiber,No,None,809.88
11390,Standard,Fiber,No,Netflix,785.28
11391,Basic,Fiber,No,Netflix+Prime,1014.9
11392,Premium,DSL,Yes,None,1223.94
11393,Basic,Fiber,No,Prime,948.06
11394,Basic,Fiber,No,None,918.19
11395,Standard,Fiber,Yes,None,722.88
11396,Basic,DSL,No,None,1184.01
11397,Basic,None,Yes,Prime,968.06
11398,Basic,DSL,No,None,1107.68
11399,Basic,DSL,No,Netflix,541.5
11400,Basic,Fiber,Yes,None,974.96
11401,Basic,Fiber,No,None,909.21
11402,Standard,Fiber,No,Prime,1388.4
11403,Premium,Fiber,No,None,1698.07
11404,Basic,Fiber,No,None,907.92
11405,Premium,Fiber,No,None,894.61
11406,Basic,Fiber,No,Netflix,1383.9
11407,Basic,DSL,No,Netflix,866.8
11408,Basic,Fiber,Yes,None,667.47
11409,Standard,None,No,None,1021.96
11410,Standard,DSL,Yes,None,446.67
11411,Standard,Fiber,No,None,1366.61
11412,Standard,None,No,Prime,458.64
11413,Standard,DSL,Yes,Prime,833.75
11414,Standard,Fiber,No,Netflix,1123.34
11415,Premium,None,Yes,None,1511.65
11416,Basic,DSL,No,Prime,731.96
11417,Basic,DSL,No,Prime,890.49
11418,Standard,None,No,Netflix,891.55
11419,Standard,None,No,Prime,890.34
11420,Basic,Fiber,No,Prime,875.64
11421,Basic,Fiber,No,Netflix,793.28
11422,Standard,Fiber,No,None,544.03
11423,Standard,Fiber,No,Prime,819.5
11424,Basic,DSL,No,None,773.43
11425,Premium,DSL,No,Prime,1125.26
11426,Standard,Fiber,No,Prime,1003.26
11427,Standard,None,No,Prime,802.99
11428,Standard,None,No,None,640.92
11429,Premium,None,No,None,1052.07
11430,Basic,None,Yes,None,607.95
11431,Basic,Fiber,No,Prime,851.54
11432,Standard,Fiber,No,Prime,1168.01
11433,Standard,Fiber,No,Netflix,995.83
11434,Basic,Fiber,No,None,541.1
11435,Premium,Fiber,No,Netflix+Prime,930.58
11436,Standard,DSL,No,Netflix+Prime,1679.23
11437,Basic,None,No,None,361.06
11438,Basic,Fiber,No,Netflix,694.41
11439,Basic,DSL,Yes,Prime,855.1
11440,Standard,Fiber,No,Prime,1158.26
11441,Premium,Fiber,No,Netflix+Prime,1506.26
11442,Standard,DSL,No,None,767.18
11443,Premium,Fiber,Yes,Netflix,1421.57
11444,Premium,DSL,Yes,Netflix,1218.4
11445,Standard,DSL,Yes,Prime,806.36
11446,Standard,Fiber,Yes,Prime,1123.62
11447,Standard,Fiber,No,Netflix+Prime,1366.61
11448,Standard,None,No,Netflix,893.34
11449,Basic,Fiber,No,Prime,845.34
11450,Standard,None,No,None,1220.45
11451,Basic,DSL,No,None,988.41
11452,Premium,DSL,No,None,1675.18
11453,Premium,Fiber,No,Prime,823.13
11454,Basic,DSL,No,Netflix+Prime,971.54
11455,Basic,Fiber,No,None,1030.47
11456,Standard,Fiber,No,None,784.3
11457,Standard,None,Yes,Prime,975.48
11458,Basic,DSL,No,Netflix,1015.34
11459,Standard,Fiber,No,Netflix+Prime,801.25
11460,Basic,Fiber,No,None,982.77
11461,Basic,DSL,No,None,961.41
11462,Basic,Fiber,No,None,528.69
11463,Basic,Fiber,Yes,None,807.31
11464,Standard,Fiber,No,None,1140.29
11465,Premium,DSL,Yes,None,961.16
11466,Standard,DSL,No,None,636.25
11467,Standard,Fiber,No,None,1009.49
11468,Basic,DSL,Yes,Netflix+Prime,940.49
11469,Standard,DSL,No,None,1093.12
11470,Basic,DSL,Yes,None,441.58
11471,Standard,DSL,Yes,Prime,1095.65
11472,Premium,DSL,No,Netflix,949.22
11473,Basic,DSL,Yes,Netflix,216.95
11474,Standard,Fiber,No,Prime,939.86
11475,Basic,Fiber,Yes,Prime,1186.89
11476,Basic,Fiber,Yes,Prime,1046.79
11477,Basic,Fiber,No,Netflix,849.53
11478,Basic,Fiber,No,Prime,724.99
11479,Basic,Fiber,Yes,Netflix,733.07
11480,Basic,Fiber,No,None,882.64
11481,Standard,Fiber,No,Prime,729.47
11482,Basic,Fiber,No,Netflix,745.57
11483,Standard,Fiber,Yes,Netflix+Prime,985.33
11484,Premium,Fiber,No,None,944.68
11485,Standard,Fiber,No,None,798.47
11486,Basic,DSL,Yes,Netflix+Prime,823.15
11487,Basic,DSL,No,None,702.85
11488,Premium,DSL,No,Netflix+Prime,1107.37
11489,Standard,DSL,No,Netflix+Prime,626.57
11490,Standard,DSL,No,Prime,1373.05
11491,Basic,Fiber,No,Netflix,598.61
11492,Standard,Fiber,No,Netflix,1125.48
11493,Basic,Fiber,No,Prime,703.64
11494,Premium,DSL,No,Prime,1210.88
11495,Premium,None,No,Netflix,1337.28
11496,Basic,Fiber,No,Netflix+Prime,438.92
11497,Standard,DSL,No,Netflix,898.02
11498,Basic,Fiber,No,Netflix+Prime,1207.22
11499,Standard,Fiber,Yes,None,1578.45
11500,Premium,Fiber,No,None,1311.0
11501,Standard,DSL,No,None,912.5
11502,Basic,Fiber,No,None,1513.4
11503,Basic,None,No,Prime,1040.48
11504,Premium,Fiber,No,None,1164.81
11505,Standard,Fiber,Yes,Netflix+Prime,864.3
11506,Standard,Fiber,No,None,1336.96
11507,Basic,Fiber,No,None,546.69
11508,Basic,DSL,No,None,1026.32
11509,Premium,Fiber,No,Netflix,1450.29
11510,Standard,DSL,No,None,1055.32
11511,Standard,Fiber,No,None,972.98
11512,Standard,Fiber,No,Prime,861.05
11513,Standard,DSL,No,None,1338.6
11514,Basic,Fiber,No,None,775.98
11515,Basic,Fiber,No,Prime,726.72
11516,Standard,DSL,Yes,None,875.96
11517,Standard,Fiber,No,None,1107.91
11518,Standard,DSL,No,None,590.75
11519,Premium,Fiber,No,None,1180.54
11520,Basic,DSL,Yes,Netflix,514.59
11521,Basic,Fiber,No,None,1103.58
11522,Premium,Fiber,No,Prime,1084.21
11523,Standard,Fiber,No,Netflix+Prime,523.27
11524,Standard,DSL,Yes,None,309.87
11525,Standard,None,No,Netflix+Prime,458.89
11526,Standard,Fiber,Yes,None,1458.46
11527,Basic,DSL,No,None,704.86
11528,Standard,Fiber,No,None,1200.37
11529,Premium,DSL,No,None,1360.95
11530,Standard,Fiber,No,Netflix,1066.86
11531,Standard,Fiber,No,None,1027.57
11532,Basic,Fiber,No,Prime,1163.36
11533,Basic,None,No,Prime,743.8
11534,Basic,Fiber,No,None,1269.73
11535,Basic,DSL,No,Prime,886.25
11536,Premium,None,No,Netflix+Prime,1014.66
11537,Standard,None,Yes,None,750.86
11538,Standard,Fiber,No,None,831.76
11539,Standard,Fiber,No,None,1415.26
11540,Basic,DSL,Yes,None,578.48
11541,Premium,Fiber,No,Netflix,1110.46
11542,Basic,DSL,No,None,795.93
11543,Basic,DSL,No,Netflix,670.85
11544,Standard,Fiber,Yes,Netflix,1138.37
11545,Premium,DSL,No,Netflix,1766.94
11546,Premium,DSL,No,None,1473.92
11547,Basic,Fiber,No,None,858.1
11548,Premium,DSL,No,None,777.47
11549,Basic,DSL,Yes,None,550.01
11550,Basic,DSL,No,Netflix+Prime,913.31
11551,Premium,DSL,No,None,848.69
11552,Premium,Fiber,No,None,1992.29
11553,Standard,Fiber,No,None,1054.32
11554,Standard,Fiber,No,Prime,1064.65
11555,Premium,Fiber,Yes,Prime,1150.01
11556,Standard,DSL,No,Netflix,1049.02
11557,Premium,DSL,Yes,None,852.6
11558,Standard,DSL,No,None,1549.47
11559,Premium,Fiber,No,Netflix,1745.21
11560,Premium,Fiber,No,Netflix+Prime,1645.29
11561,Basic,Fiber,Yes,Netflix,432.87
11562,Premium,DSL,Yes,Netflix,1261.62
11563,Standard,DSL,No,None,1262.73
11564,Basic,Fiber,No,None,1027.93
11565,Standard,DSL,No,Prime,599.37
11566,Basic,Fiber,No,None,654.97
11567,Standard,Fiber,No,Netflix+Prime,914.42
11568,Premium,Fiber,No,None,1168.97
11569,Basic,None,Yes,None,1158.63
11570,Standard,None,No,Netflix,323.7
11571,Premium,Fiber,No,None,1546.78
11572,Standard,Fiber,No,None,662.31
11573,Basic,DSL,No,None,411.62
11574,Standard,None,Yes,Prime,297.08
11575,Standard,Fiber,No,None,885.28
11576,Standard,DSL,Yes,None,1353.22
11577,Premium,Fiber,No,Netflix,1429.45
11578,Standard,DSL,No,None,540.49
11579,Premium,Fiber,No,Netflix+Prime,1655.14
11580,Standard,Fiber,Yes,None,1419.39
11581,Basic,DSL,Yes,Prime,731.21
11582,Standard,DSL,Yes,None,1510.42
11583,Standard,None,No,Prime,1146.47
11584,Standard,Fiber,Yes,Prime,1254.8
11585,Basic,Fiber,No,Netflix+Prime,608.99
11586,Basic,DSL,No,None,888.22
11587,Basic,Fiber,No,None,915.04
11588,Basic,Fiber,No,Netflix,1005.95
11589,Standard,DSL,Yes,None,694.62
11590,Basic,DSL,No,None,738.43
11591,Standard,DSL,No,Netflix+Prime,654.94
11592,Basic,DSL,Yes,None,150.0
11593,Basic,None,Yes,Netflix+Prime,999.49
11594,Standard,DSL,No,None,449.28
11595,Basic,Fiber,No,Prime,882.16
11596,Premium,Fiber,Yes,Netflix,1449.9
11597,Basic,DSL,No,Netflix,797.97
11598,Standard,Fiber,No,Netflix+Prime,965.08
11599,Premium,DSL,Yes,None,1281.36
11600,Standard,Fiber,No,Prime,1191.29
11601,Basic,DSL,No,Netflix,920.49
11602,Standard,Fiber,No,None,1570.03
11603,Standard,Fiber,No,Netflix+Prime,1120.26
11604,Premium,None,Yes,None,1219.21
11605,Premium,Fiber,Yes,Prime,1077.98
11606,Basic,Fiber,No,None,980.78
11607,Premium,DSL,No,Prime,1400.21
11608,Basic,Fiber,No,Netflix,792.31
11609,Basic,Fiber,No,None,1013.38
11610,Premium,None,No,Netflix,1112.25
11611,Basic,DSL,No,None,901.3
11612,Basic,DSL,No,None,973.78
11613,Basic,Fiber,No,None,1119.59
11614,Standard,Fiber,No,None,1085.35
11615,Standard,DSL,Yes,None,588.01
11616,Standard,Fiber,No,Netflix,866.43
11617,Basic,Fiber,No,None,1028.55
11618,Standard,None,No,Netflix,1634.64
11619,Premium,Fiber,No,None,1247.78
11620,Premium,DSL,No,Netflix,1336.75
11621,Basic,DSL,No,Prime,533.18
11622,Premium,DSL,Yes,None,907.81
11623,Standard,Fiber,No,Prime,847.11
11624,Basic,Fiber,Yes,Netflix,225.26
11625,Basic,DSL,No,Prime,1106.03
11626,Basic,Fiber,Yes,None,180.96
11627,Standard,Fiber,No,None,970.85
11628,Basic,DSL,No,Prime,346.56
11629,Standard,DSL,No,Prime,634.69
11630,Basic,None,No,None,1112.96
11631,Premium,DSL,No,None,1260.32
11632,Basic,Fiber,No,Netflix,560.38
11633,Premium,Fiber,Yes,Netflix,1173.14
11634,Premium,Fiber,No,Prime,1120.36
11635,Basic,Fiber,No,None,836.94
11636,Standard,Fiber,No,None,1101.87
11637,Basic,None,No,None,1268.67
11638,Premium,None,Yes,None,625.11
11639,Standard,Fiber,No,None,1039.56
11640,Basic,DSL,No,Prime,605.33
11641,Basic,DSL,Yes,Netflix,983.96
11642,Basic,Fiber,No,Prime,956.45
11643,Premium,Fiber,No,None,1527.11
11644,Standard,DSL,No,None,1003.53
11645,Premium,DSL,No,None,920.4
11646,Basic,Fiber,No,None,1213.38
11647,Basic,DSL,Yes,Prime,939.55
11648,Premium,Fiber,No,None,1624.66
11649,Basic,Fiber,No,None,1229.22
11650,Premium,Fiber,No,None,1475.3
11651,Basic,DSL,No,None,1144.3
11652,Basic,DSL,No,Prime,813.29
11653,Standard,DSL,No,None,834.28
11654,Premium,DSL,No,Prime,1198.02
11655,Premium,Fiber,No,Netflix,1342.85
11656,Basic,Fiber,No,None,694.18
11657,Basic,DSL,No,None,1189.57
11658,Standard,DSL,No,Prime,988.89
11659,Standard,DSL,No,Prime,928.42
11660,Standard,None,No,None,1016.48
11661,Basic,Fiber,Yes,None,1743.96
11662,Premium,None,No,None,860.48
11663,Standard,Fiber,No,None,796.49
11664,Premium,Fiber,No,None,935.83
11665,Standard,Fiber,Yes,None,980.22
11666,Standard,DSL,No,None,973.66
11667,Premium,Fiber,No,None,1210.4
11668,Standard,DSL,No,None,738.08
11669,Premium,Fiber,No,Prime,1392.72
11670,Premium,DSL,No,Netflix,1049.37
11671,Standard,Fiber,Yes,Netflix+Prime,1143.05
11672,Standard,DSL,No,None,1234.27
11673,Basic,None,No,Netflix,903.11
11674,Basic,DSL,No,None,964.3
11675,Basic,Fiber,No,Netflix,1175.78
11676,Basic,Fiber,No,None,934.85
11677,Basic,DSL,No,None,652.41
11678,Basic,Fiber,No,Netflix+Prime,618.32
11679,Basic,None,No,Netflix,582.65
11680,Standard,DSL,No,Netflix+Prime,742.89
11681,Basic,None,No,None,919.5
11682,Basic,Fiber,No,None,954.03
11683,Standard,Fiber,No,None,1259.03
11684,Standard,DSL,Yes,Prime,551.9
11685,Standard,Fiber,Yes,Netflix,1479.52
11686,Standard,None,No,Netflix+Prime,771.91
11687,Premium,Fiber,No,None,1020.0
11688,Standard,Fiber,No,Prime,918.23
11689,Standard,DSL,No,None,1645.13
11690,Premium,DSL,Yes,None,1083.68
11691,Premium,Fiber,No,Netflix,1252.47
11692,Standard,Fiber,Yes,Netflix,992.37
11693,Standard,Fiber,No,None,1005.41
11694,Basic,DSL,No,None,465.56
11695,Standard,Fiber,No,None,1092.96
11696,Premium,DSL,No,None,1522.68
11697,Standard,Fiber,Yes,None,1144.29
11698,Premium,None,No,None,866.65
11699,Standard,Fiber,Yes,None,946.7
11700,Premium,DSL,Yes,Netflix+Prime,1034.54
11701,Standard,None,Yes,Netflix+Prime,915.88
11702,Basic,Fiber,No,None,1249.14
11703,Standard,Fiber,Yes,Netflix+Prime,1005.34
11704,Basic,DSL,No,Netflix,673.55
11705,Basic,Fiber,No,None,1383.29
11706,Premium,DSL,No,None,1462.86
11707,Basic,Fiber,Yes,Netflix+Prime,1022.22
11708,Standard,DSL,Yes,Netflix,1487.44
11709,Basic,DSL,No,Prime,846.94
11710,Basic,DSL,No,Prime,150.0
11711,Premium,DSL,Yes,None,1449.8
11712,Basic,DSL,No,None,222.4
11713,Standard,Fiber,No,None,1185.6
11714,Standard,DSL,No,None,385.88
11715,Standard,Fiber,No,None,909.94
11716,Premium,DSL,No,None,1090.86
11717,Standard,None,No,None,668.96
11718,Standard,None,No,None,795.34
11719,Premium,DSL,No,None,1509.77
11720,Basic,Fiber,No,None,635.81
11721,Standard,DSL,No,None,1063.54
11722,Premium,None,No,None,910.31
11723,Standard,Fiber,Yes,Netflix,993.15
11724,Premium,DSL,Yes,Netflix+Prime,1297.15
11725,Standard,DSL,No,None,601.04
11726,Premium,DSL,No,None,806.48
11727,Premium,DSL,No,Prime,1347.56
11728,Basic,Fiber,No,Netflix,1186.92
11729,Basic,Fiber,No,Prime,826.28
11730,Standard,DSL,Yes,None,762.81
11731,Standard,DSL,No,Prime,946.7
11732,Basic,DSL,No,Netflix+Prime,716.64
11733,Basic,DSL,No,Netflix,772.87
11734,Basic,Fiber,No,None,150.0
11735,Premium,DSL,No,Prime,879.27
11736,Standard,Fiber,No,Prime,796.43
11737,Standard,DSL,No,Prime,945.26
11738,Basic,DSL,Yes,None,755.76
11739,Basic,Fiber,No,Prime,1040.85
11740,Basic,Fiber,No,None,927.27
11741,Basic,Fiber,No,None,459.78
11742,Premium,Fiber,No,Netflix,1784.1
11743,Premium,Fiber,No,None,1731.58
11744,Basic,DSL,No,Netflix,322.54
11745,Basic,Fiber,Yes,Netflix,949.81
11746,Basic,Fiber,No,None,671.37
11747,Standard,DSL,Yes,Netflix,941.66
11748,Basic,Fiber,No,Netflix+Prime,1165.99
11749,Basic,DSL,No,None,1339.03
11750,Basic,DSL,No,Netflix,925.38
11751,Standard,Fiber,No,None,1138.48
11752,Standard,None,Yes,None,798.05
11753,Standard,None,No,None,954.64
11754,Basic,DSL,No,None,1107.93
11755,Premium,Fiber,No,None,1336.59
11756,Premium,Fiber,No,Netflix+Prime,1084.17
11757,Basic,DSL,No,Netflix,214.09
11758,Basic,Fiber,No,Netflix,1003.91
11759,Standard,Fiber,No,None,1124.19
11760,Basic,None,No,Netflix,506.23
11761,Standard,DSL,No,None,1207.8
11762,Standard,DSL,No,None,773.47
11763,Standard,Fiber,No,None,1009.61
11764,Basic,Fiber,Yes,None,845.0
11765,Standard,None,No,None,794.71
11766,Premium,DSL,No,Netflix,1270.76
11767,Basic,Fiber,No,Prime,1195.45
11768,Standard,Fiber,Yes,None,707.26
11769,Basic,DSL,No,None,846.56
11770,Basic,Fiber,Yes,None,901.65
11771,Standard,Fiber,No,Netflix+Prime,1096.13
11772,Basic,DSL,No,Prime,961.55
11773,Basic,DSL,No,Netflix,714.79
11774,Basic,Fiber,Yes,Netflix+Prime,994.07
11775,Standard,Fiber,No,None,1264.76
11776,Standard,None,No,Netflix+Prime,748.69
11777,Basic,DSL,No,None,789.76
11778,Standard,DSL,No,None,824.76
11779,Basic,None,Yes,Netflix,660.2
11780,Standard,None,No,None,803.38
11781,Standard,DSL,Yes,Netflix,1041.32
11782,Standard,Fiber,No,None,1074.49
11783,Premium,DSL,No,Netflix,1318.36
11784,Premium,DSL,No,None,1194.74
11785,Basic,DSL,No,None,218.76
11786,Premium,DSL,No,Netflix+Prime,1209.41
11787,Basic,Fiber,No,Prime,869.06
11788,Premium,Fiber,No,Netflix+Prime,1422.78
11789,Basic,None,No,Prime,521.88
11790,Basic,Fiber,No,Netflix,491.36
11791,Basic,Fiber,No,Netflix,1037.38
11792,Basic,Fiber,No,None,767.92
11793,Standard,None,No,None,951.37
11794,Premium,Fiber,No,None,1265.56
11795,Standard,Fiber,Yes,Prime,1048.18
11796,Standard,None,No,None,765.21
11797,Standard,DSL,Yes,Netflix+Prime,609.57
11798,Basic,Fiber,No,Netflix,992.12
11799,Basic,None,No,Prime,519.06
11800,Basic,None,No,None,749.19
11801,Basic,DSL,No,None,823.14
11802,Basic,Fiber,No,Netflix+Prime,673.96
11803,Basic,Fiber,No,None,488.83
11804,Basic,DSL,No,None,1427.83
11805,Basic,Fiber,No,None,691.67
11806,Premium,DSL,No,None,1387.03
11807,Basic,DSL,No,None,1281.84
11808,Standard,Fiber,No,Netflix,1286.97
11809,Standard,Fiber,No,None,959.87
11810,Standard,Fiber,No,Netflix,1029.87
11811,Basic,Fiber,No,None,600.22
11812,Basic,DSL,No,Prime,964.51
11813,Basic,DSL,No,Prime,869.88
11814,Basic,DSL,No,None,545.67
11815,Basic,DSL,No,None,387.35
11816,Standard,Fiber,No,None,653.63
11817,Standard,Fiber,No,Prime,1345.95
11818,Standard,DSL,No,Prime,936.11
11819,Standard,DSL,Yes,Netflix+Prime,964.5
11820,Basic,Fiber,Yes,None,603.12
11821,Premium,DSL,Yes,None,760.95
11822,Basic,None,Yes,None,988.78
11823,Standard,Fiber,No,None,1062.61
11824,Standard,DSL,No,Netflix,1172.17
11825,Standard,DSL,No,None,784.22
11826,Basic,Fiber,No,Prime,778.95
11827,Standard,DSL,No,Netflix,1113.99
11828,Basic,DSL,No,Prime,919.7
11829,Basic,DSL,No,None,939.27
11830,Basic,Fiber,No,Netflix+Prime,761.44
11831,Basic,Fiber,No,Netflix+Prime,1034.36
11832,Standard,DSL,Yes,Netflix+Prime,1232.73
11833,Premium,Fiber,Yes,Prime,1318.57
11834,Basic,Fiber,No,Prime,695.95
11835,Premium,Fiber,No,Netflix,1752.82
11836,Premium,DSL,Yes,None,1003.67
11837,Premium,Fiber,Yes,Netflix,1538.84
11838,Premium,None,Yes,Prime,1182.47
11839,Basic,DSL,No,Netflix+Prime,150.0
11840,Basic,DSL,No,Netflix,1038.58
11841,Standard,DSL,No,None,150.0
11842,Standard,DSL,Yes,Netflix,304.76
11843,Premium,DSL,No,Netflix+Prime,1358.2
11844,Premium,Fiber,Yes,None,1508.12
11845,Standard,None,No,None,708.73
11846,Basic,DSL,Yes,Netflix,744.35
11847,Basic,Fiber,No,None,150.0
11848,Basic,Fiber,No,None,1062.09
11849,Standard,Fiber,No,None,1124.92
11850,Standard,Fiber,No,Prime,1036.31
11851,Premium,DSL,No,None,1206.25
11852,Standard,Fiber,Yes,None,1197.98
11853,Premium,Fiber,No,Prime,1341.33
11854,Standard,Fiber,No,Netflix+Prime,487.78
11855,Premium,Fiber,No,Netflix+Prime,2008.9
11856,Basic,DSL,No,None,1060.24
11857,Premium,DSL,No,Netflix+Prime,814.52
11858,Standard,None,No,None,796.46
11859,Basic,Fiber,Yes,Prime,779.19
11860,Basic,None,No,Netflix,1023.65
11861,Premium,DSL,Yes,None,552.22
11862,Basic,Fiber,No,Netflix,700.3
11863,Standard,Fiber,No,None,521.81
11864,Basic,None,Yes,Prime,614.47
11865,Standard,DSL,No,None,758.25
11866,Premium,DSL,No,Netflix,1223.91
11867,Basic,Fiber,No,None,668.54
11868,Standard,None,Yes,None,674.69
11869,Premium,None,No,Netflix+Prime,1385.9
11870,Standard,None,No,Prime,1036.4
11871,Premium,None,No,Netflix+Prime,1365.42
11872,Standard,DSL,No,None,846.93
11873,Basic,DSL,Yes,None,528.48
11874,Standard,DSL,No,Netflix,864.34
11875,Standard,DSL,No,None,1050.35
11876,Basic,Fiber,No,None,196.97
11877,Basic,None,Yes,Prime,818.23
11878,Basic,DSL,No,None,792.74
11879,Standard,Fiber,No,None,1068.65
11880,Premium,None,No,None,1155.21
11881,Basic,Fiber,No,Netflix,150.0
11882,Standard,DSL,No,Prime,768.04
11883,Premium,Fiber,No,None,1886.83
11884,Basic,DSL,Yes,Netflix,703.87
11885,Standard,Fiber,No,None,957.81
11886,Premium,Fiber,No,Netflix+Prime,1355.07
11887,Premium,DSL,No,Netflix+Prime,1306.43
11888,Basic,None,Yes,Netflix,897.65
11889,Basic,Fiber,No,None,781.34
11890,Basic,Fiber,No,Netflix,977.48
11891,Standard,None,Yes,Netflix,1403.0
11892,Standard,DSL,No,Netflix+Prime,1201.88
11893,Standard,DSL,No,Netflix+Prime,1602.09
11894,Basic,Fiber,Yes,Prime,652.97
11895,Basic,DSL,No,None,1202.86
11896,Standard,Fiber,No,Netflix+Prime,812.8
11897,Standard,DSL,No,Netflix,1006.07
11898,Standard,DSL,Yes,Prime,1119.74
11899,Standard,Fiber,No,None,896.77
11900,Basic,DSL,No,None,726.39
11901,Basic,Fiber,No,None,1123.14
11902,Basic,Fiber,No,None,636.92
11903,Basic,None,No,None,1200.82
11904,Basic,Fiber,Yes,Prime,434.62
11905,Basic,DSL,No,None,1281.91
11906,Basic,Fiber,No,None,1150.4
11907,Basic,Fiber,No,None,823.08
11908,Standard,Fiber,No,None,929.2
11909,Basic,Fiber,No,Netflix+Prime,697.89
11910,Standard,Fiber,No,None,1009.26
11911,Standard,Fiber,No,None,1035.45
11912,Standard,Fiber,No,Netflix+Prime,1426.57
11913,Premium,DSL,Yes,Prime,1790.6
11914,Basic,DSL,No,None,759.81
11915,Standard,Fiber,No,Prime,796.31
11916,Premium,DSL,No,Netflix,1036.28
11917,Premium,DSL,No,Prime,1145.07
11918,Basic,DSL,No,None,390.96
11919,Basic,Fiber,No,Netflix+Prime,496.32
11920,Basic,DSL,No,None,1329.14
11921,Standard,Fiber,No,None,1140.78
11922,Standard,DSL,Yes,None,650.06
11923,Basic,Fiber,No,None,1094.98
11924,Standard,Fiber,No,Netflix+Prime,696.5
11925,Standard,Fiber,No,Netflix,721.2
11926,Standard,DSL,Yes,None,659.09
11927,Premium,None,Yes,None,1696.35
11928,Standard,None,No,None,824.14
11929,Basic,Fiber,No,Netflix+Prime,150.0
11930,Standard,None,No,Netflix,1263.02
11931,Basic,Fiber,No,Netflix,758.09
11932,Standard,Fiber,No,Prime,495.18
11933,Premium,Fiber,No,Prime,1254.99
11934,Premium,Fiber,No,Netflix,1506.3
11935,Standard,None,Yes,None,1021.21
11936,Basic,Fiber,No,Prime,1389.52
11937,Basic,None,No,Prime,444.17
11938,Standard,DSL,No,Prime,914.02
11939,Basic,Fiber,No,Netflix+Prime,640.13
11940,Standard,Fiber,Yes,Prime,587.34
11941,Basic,Fiber,No,Prime,1115.66
11942,Basic,DSL,No,Netflix+Prime,838.98
11943,Basic,Fiber,No,None,935.1
11944,Premium,None,No,None,1328.04
11945,Standard,DSL,No,Netflix,694.36
11946,Basic,Fiber,No,None,548.29
11947,Basic,DSL,No,Prime,711.29
11948,Standard,None,No,Prime,1248.36
11949,Basic,Fiber,No,Prime,1332.42
11950,Standard,DSL,Yes,Netflix+Prime,1138.63
11951,Premium,DSL,Yes,None,1208.75
11952,Standard,Fiber,No,Prime,1130.94
11953,Standard,DSL,Yes,Netflix,903.48
11954,Standard,Fiber,Yes,None,742.22
11955,Premium,None,No,None,1207.39
11956,Premium,None,Yes,Prime,799.55
11957,Standard,DSL,No,Netflix,862.78
11958,Basic,None,No,Prime,1190.83
11959,Standard,Fiber,No,Netflix,1296.86
11960,Basic,DSL,No,None,423.06
11961,Standard,DSL,No,None,878.27
11962,Standard,DSL,No,None,649.69
11963,Basic,Fiber,No,Netflix+Prime,831.25
11964,Basic,DSL,No,None,1012.33
11965,Standard,DSL,No,Netflix+Prime,1095.9
11966,Premium,Fiber,No,Netflix+Prime,2095.24
11967,Standard,Fiber,No,Netflix+Prime,1407.74
11968,Standard,Fiber,No,None,1111.2
11969,Basic,Fiber,Yes,Netflix+Prime,1053.14
11970,Standard,DSL,No,None,839.27
11971,Standard,None,Yes,None,561.75
11972,Standard,DSL,No,None,1291.73
11973,Basic,Fiber,No,Netflix+Prime,1152.7
11974,Standard,Fiber,No,None,977.68
11975,Basic,DSL,No,Netflix,782.18
11976,Basic,None,No,None,1072.28
11977,Premium,Fiber,No,None,1603.91
11978,Basic,DSL,No,None,261.07
11979,Basic,None,No,Prime,773.09
11980,Standard,Fiber,Yes,Netflix,999.71
11981,Premium,Fiber,No,Netflix+Prime,1683.9
11982,Standard,Fiber,Yes,Netflix,1359.31
11983,Standard,Fiber,No,Netflix+Prime,1445.58
11984,Premium,DSL,Yes,Netflix,864.63
11985,Basic,DSL,No,Netflix,464.77
11986,Basic,Fiber,Yes,Netflix,1184.22
11987,Basic,DSL,Yes,None,522.51
11988,Premium,Fiber,No,Prime,893.57
11989,Basic,DSL,No,Netflix,859.78
11990,Basic,DSL,No,Prime,535.83
11991,Standard,DSL,No,Prime,1436.94
11992,Standard,Fiber,No,None,1138.86
11993,Standard,Fiber,No,Netflix,1098.08
11994,Standard,DSL,No,None,789.23
11995,Basic,Fiber,No,Netflix,1327.25
11996,Standard,DSL,No,Netflix,1007.57
11997,Standard,Fiber,Yes,Netflix+Prime,927.45
11998,Premium,DSL,No,None,961.77
11999,Basic,Fiber,No,None,827.96
